tabla,id,nombre,tipo,a,b,result,item,outcome,outcome_id,estado_ogro,flags_set,condiciones,texto
items,pescado,PESCADO,base,,,,,,,,,,
items,agua,AGUA,base,,,,,,,,,,
items,fuego,FUEGO,base,,,,,,,,,,
items,palo,PALO,base,,,,,,,,,,
items,magia,MAGIA,base,,,,,,,,,,
items,piedra,PIEDRA,base,,,,,,,,,,
items,cuerda,CUERDA,base,,,,,,,,,,
items,espejo,ESPEJO,base,,,,,,,,,,
items,pescado_mojado,PESCADO MOJADO,craft,,,,,,,,,,
items,pescado_asado,PESCADO ASADO,craft,,,,,,,,,,
items,pescado_ensartado,PESCADO ENSARTADO,craft,,,,,,,,,,
items,hechizo_convertir_en_pez,HECHIZO: CONVERTIR EN PEZ,hechizo,,,,,,,,,,
items,pescado_aplastado,PESCADO APLASTADO,craft,,,,,,,,,,
items,pescado_atado,PESCADO ATADO,craft,,,,,,,,,,
items,pescado_vanidoso,PESCADO VANIDOSO,craft,,,,,,,,,,
items,vapor,VAPOR,craft,,,,,,,,,,
items,palo_mojado,PALO MOJADO,craft,,,,,,,,,,
items,hechizo_invocar_marea,HECHIZO: INVOCAR MAREA,hechizo,,,,,,,,,,
items,barro,BARRO,craft,,,,,,,,,,
items,cuerda_empapada,CUERDA EMPAPADA,craft,,,,,,,,,,
items,espejo_empanado,ESPEJO EMPAÑADO,craft,,,,,,,,,,
items,antorcha,ANTORCHA,craft,,,,,,,,,,
items,hechizo_llama_azul,HECHIZO: LLAMA AZUL,hechizo,,,,,,,,,,
items,piedra_caliente,PIEDRA CALIENTE,craft,,,,,,,,,,
items,cuerda_quemada,CUERDA QUEMADA,craft,,,,,,,,,,
items,rayo_solar,RAYO SOLAR,craft,,,,,,,,,,
items,varita_magica,VARITA MÁGICA,craft,,,,,,,,,,
items,garrote,GARROTE,craft,,,,,,,,,,
items,lazo,LAZO,craft,,,,,,,,,,
items,periscopio,PERISCOPIO,craft,,,,,,,,,,
items,piedra_filosofal,PIEDRA FILOSOFAL,craft,,,,,,,,,,
items,cuerda_encantada,CUERDA ENCANTADA,craft,,,,,,,,,,
items,espejo_encantado,ESPEJO ENCANTADO,craft,,,,,,,,,,
items,boleadora,BOLEADORA,craft,,,,,,,,,,
items,espejo_roto,ESPEJO ROTO,craft,,,,,,,,,,
items,trampa_de_reflejo,TRAMPA DE REFLEJO,craft,,,,,,,,,,
items,niebla,NIEBLA,craft,,,,,,,,,,
items,ladrillo,LADRILLO,craft,,,,,,,,,,
items,antorcha_atada,ANTORCHA ATADA,craft,,,,,,,,,,
items,lanzantorchas,LANZANTORCHAS,craft,,,,,,,,,,
items,lanzallamas,LANZALLAMAS,craft,,,,,,,,,,
items,ancla,ANCLA,craft,,,,,,,,,,
items,mangual,MANGUAL,craft,,,,,,,,,,
items,ojo_que_todo_lo_ve,OJO QUE TODO LO VE,craft,,,,,,,,,,
items,espejo_de_agua,ESPEJO DE AGUA,craft,,,,,,,,,,
items,espejo_ardiente,ESPEJO ARDIENTE,craft,,,,,,,,,,
items,cuerda_serpiente,CUERDA SERPIENTE,craft,,,,,,,,,,
items,prision_de_vidrio,PRISIÓN DE VIDRIO,craft,,,,,,,,,,
items,hechizo_lluvia,HECHIZO: LLUVIA,hechizo,,,,,,,,,,
items,hechizo_bola_de_fuego,HECHIZO: BOLA DE FUEGO,hechizo,,,,,,,,,,
items,hechizo_piel_de_piedra,HECHIZO: PIEL DE PIEDRA,hechizo,,,,,,,,,,
items,lingote_de_oro,LINGOTE DE ORO,craft,,,,,,,,,,
items,oro_liquido,ORO LÍQUIDO,craft,,,,,,,,,,
items,hechizo_transmutar,HECHIZO: TRANSMUTAR,hechizo,,,,,,,,,,
items,boleadora_larga,BOLEADORA LARGA,craft,,,,,,,,,,
items,boleadora_telequinetica,BOLEADORA TELEQUINÉTICA,craft,,,,,,,,,,
items,golem_de_barro,GOLEM DE BARRO,craft,,,,,,,,,,
items,niebla_encantada,NIEBLA ENCANTADA,craft,,,,,,,,,,
items,sauna_portatil,SAUNA PORTÁTIL,craft,,,,,,,,,,
items,espejo_mosaico,ESPEJO MOSAICO,craft,,,,,,,,,,
items,portal_de_bolsillo,PORTAL DE BOLSILLO,craft,,,,,,,,,,
items,banquete_infinito,HECHIZO: BANQUETE INFINITO,hechizo,,,,,,,,,,
items,brocheta_flambeada,BROCHETA FLAMBEADA,craft,,,,,,,,,,
items,caña_de_pescar,CAÑA DE PESCAR,craft,,,,,,,,,,
items,anzuelo_de_suerte,ANZUELO DE SUERTE,craft,,,,,,,,,,
items,mascara_de_pez,MÁSCARA DE PEZ,craft,,,,,,,,,,
items,electricidad_estatica,ELECTRICIDAD ESTÁTICA,craft,,,,,,,,,,
items,anguila_electrica,ANGUILA ELÉCTRICA,craft,,,,,,,,,,
items,tormenta_en_frasco,TORMENTA EN FRASCO,craft,,,,,,,,,,
items,pararrayos_portatil,PARARRAYOS PORTÁTIL,craft,,,,,,,,,,
items,hechizo_choque,HECHIZO: CHOQUE,hechizo,,,,,,,,,,
items,sirena_en_el_espejo,SIRENA EN EL ESPEJO,craft,,,,,,,,,,
items,canto_prohibido,CANTO PROHIBIDO,craft,,,,,,,,,,
items,serpiente_cebada,SERPIENTE CEBADA,craft,,,,,,,,,,
items,dragon_de_bolsillo,DRAGÓN DE BOLSILLO,craft,,,,,,,,,,
items,carcel_inamovible,CÁRCEL INAMOVIBLE,craft,,,,,,,,,,
items,hechizo_sentencia,HECHIZO: SENTENCIA,hechizo,,,,,,,,,,
items,martillo,MARTILLO,craft,,,,,,,,,,
items,martillo_sagrado,MARTILLO SAGRADO,craft,,,,,,,,,,
items,mascara_de_barro,MÁSCARA DE BARRO,craft,,,,,,,,,,
items,rostro_falso,ROSTRO FALSO,craft,,,,,,,,,,
items,manto_invisible,MANTO INVISIBLE,craft,,,,,,,,,,
items,capa_con_capucha,CAPA CON CAPUCHA,craft,,,,,,,,,,
items,espejo_dorado,ESPEJO DORADO,craft,,,,,,,,,,
items,espejo_que_miente,ESPEJO QUE MIENTE,craft,,,,,,,,,,
recetas_t1,,,,pescado,agua,pescado_mojado,,,,,,,
recetas_t1,,,,pescado,fuego,pescado_asado,,,,,,,
recetas_t1,,,,pescado,palo,pescado_ensartado,,,,,,,
recetas_t1,,,,pescado,magia,hechizo_convertir_en_pez,,,,,,,
recetas_t1,,,,pescado,piedra,pescado_aplastado,,,,,,,
recetas_t1,,,,pescado,cuerda,pescado_atado,,,,,,,
recetas_t1,,,,pescado,espejo,pescado_vanidoso,,,,,,,
recetas_t1,,,,agua,fuego,vapor,,,,,,,
recetas_t1,,,,agua,palo,palo_mojado,,,,,,,
recetas_t1,,,,agua,magia,hechizo_invocar_marea,,,,,,,
recetas_t1,,,,agua,piedra,barro,,,,,,,
recetas_t1,,,,agua,cuerda,cuerda_empapada,,,,,,,
recetas_t1,,,,agua,espejo,espejo_empanado,,,,,,,
recetas_t1,,,,fuego,palo,antorcha,,,,,,,
recetas_t1,,,,fuego,magia,hechizo_llama_azul,,,,,,,
recetas_t1,,,,fuego,piedra,piedra_caliente,,,,,,,
recetas_t1,,,,fuego,cuerda,cuerda_quemada,,,,,,,
recetas_t1,,,,fuego,espejo,rayo_solar,,,,,,,
recetas_t1,,,,palo,magia,varita_magica,,,,,,,
recetas_t1,,,,palo,piedra,garrote,,,,,,,
recetas_t1,,,,palo,cuerda,lazo,,,,,,,
recetas_t1,,,,palo,espejo,periscopio,,,,,,,
recetas_t1,,,,magia,piedra,piedra_filosofal,,,,,,,
recetas_t1,,,,magia,cuerda,cuerda_encantada,,,,,,,
recetas_t1,,,,magia,espejo,espejo_encantado,,,,,,,
recetas_t1,,,,piedra,cuerda,boleadora,,,,,,,
recetas_t1,,,,piedra,espejo,espejo_roto,,,,,,,
recetas_t1,,,,cuerda,espejo,trampa_de_reflejo,,,,,,,
recetas_t2,,,,cuerda_empapada,fuego,cuerda,,,,,,,
recetas_t2,,,,palo_mojado,fuego,palo,,,,,,,
recetas_t2,,,,espejo_empanado,fuego,espejo,,,,,,,
recetas_t2,,,,cuerda_quemada,agua,cuerda,,,,,,,
recetas_t2,,,,piedra_caliente,agua,piedra,,,,,,,
recetas_t2,,,,pescado_mojado,fuego,pescado_asado,,,,,,,
recetas_t2,,,,vapor,agua,niebla,,,,,,,
recetas_t2,,,,niebla,fuego,vapor,,,,,,,
recetas_t2,,,,barro,fuego,ladrillo,,,,,,,
recetas_t2,,,,antorcha,cuerda,antorcha_atada,,,,,,,
recetas_t2,,,,antorcha_atada,palo,lanzantorchas,,,,,,,
recetas_t2,,,,lanzantorchas,fuego,lanzallamas,,,,,,,
recetas_t2,,,,lazo,piedra,ancla,,,,,,,
recetas_t2,,,,garrote,cuerda,mangual,,,,,,,
recetas_t2,,,,periscopio,magia,ojo_que_todo_lo_ve,,,,,,,
recetas_t2,,,,espejo_encantado,agua,espejo_de_agua,,,,,,,
recetas_t2,,,,espejo_encantado,fuego,espejo_ardiente,,,,,,,
recetas_t2,,,,cuerda_encantada,palo,cuerda_serpiente,,,,,,,
recetas_t2,,,,trampa_de_reflejo,magia,prision_de_vidrio,,,,,,,
recetas_t2,,,,varita_magica,agua,hechizo_lluvia,,,,,,,
recetas_t2,,,,varita_magica,fuego,hechizo_bola_de_fuego,,,,,,,
recetas_t2,,,,varita_magica,piedra,hechizo_piel_de_piedra,,,,,,,
recetas_t2,,,,piedra_filosofal,fuego,lingote_de_oro,,,,,,,
recetas_t2,,,,piedra_filosofal,agua,oro_liquido,,,,,,,
recetas_t2,,,,piedra_filosofal,magia,hechizo_transmutar,,,,,,,
recetas_t2,,,,boleadora,palo,boleadora_larga,,,,,,,
recetas_t2,,,,boleadora,magia,boleadora_telequinetica,,,,,,,
recetas_t2,,,,barro,magia,golem_de_barro,,,,,,,
recetas_t2,,,,niebla,magia,niebla_encantada,,,,,,,
recetas_t2,,,,vapor,magia,sauna_portatil,,,,,,,
recetas_t2,,,,espejo_roto,magia,espejo_mosaico,,,,,,,
recetas_t2,,,,espejo_mosaico,magia,portal_de_bolsillo,,,,,,,
recetas_t2,,,,pescado_asado,magia,banquete_infinito,,,,,,,
recetas_t2,,,,pescado_ensartado,fuego,brocheta_flambeada,,,,,,,
recetas_t2,,,,pescado_atado,palo,caña_de_pescar,,,,,,,
recetas_t2,,,,caña_de_pescar,magia,anzuelo_de_suerte,,,,,,,
recetas_t2,,,,pescado_vanidoso,magia,mascara_de_pez,,,,,,,
recetas_t2,,,,rayo_solar,piedra,electricidad_estatica,,,,,,,
recetas_t2,,,,electricidad_estatica,cuerda_empapada,anguila_electrica,,,,,,,
recetas_t2,,,,electricidad_estatica,vapor,tormenta_en_frasco,,,,,,,
recetas_t2,,,,tormenta_en_frasco,palo,pararrayos_portatil,,,,,,,
recetas_t2,,,,anguila_electrica,magia,hechizo_choque,,,,,,,
recetas_t2,,,,espejo_de_agua,magia,sirena_en_el_espejo,,,,,,,
recetas_t2,,,,sirena_en_el_espejo,pescado,canto_prohibido,,,,,,,
recetas_t2,,,,cuerda_serpiente,pescado,serpiente_cebada,,,,,,,
recetas_t2,,,,serpiente_cebada,magia,dragon_de_bolsillo,,,,,,,
recetas_t2,,,,prision_de_vidrio,piedra,carcel_inamovible,,,,,,,
recetas_t2,,,,carcel_inamovible,magia,hechizo_sentencia,,,,,,,
recetas_t2,,,,ladrillo,palo,martillo,,,,,,,
recetas_t2,,,,martillo,magia,martillo_sagrado,,,,,,,
recetas_t2,,,,barro,espejo,mascara_de_barro,,,,,,,
recetas_t2,,,,mascara_de_barro,magia,rostro_falso,,,,,,,
recetas_t2,,,,niebla_encantada,espejo,manto_invisible,,,,,,,
recetas_t2,,,,manto_invisible,cuerda,capa_con_capucha,,,,,,,
recetas_t2,,,,lingote_de_oro,espejo,espejo_dorado,,,,,,,
recetas_t2,,,,espejo_dorado,magia,espejo_que_miente,,,,,,,
ogro,,,,,,,agua,neutral,ogro__agua__neutral,neutral,,,Usás AGUA con el ogro.<br><br>No pasa gran cosa. Seguís vivo.
ogro,,,,,,,ancla,neutral,ogro__ancla__neutral,neutral,,,Usás ANCLA con el ogro.<br><br>No pasa gran cosa. Seguís vivo.
ogro,,,,,,,anguila_electrica,neutral,ogro__anguila_electrica__neutral,neutral,,,Usás ANGUILA ELÉCTRICA con el ogro.<br><br>No pasa gran cosa. Seguís vivo.
ogro,,,,,,,antorcha,ogro_muere,ogro__antorcha__ogro_muere,muerto,,,Usás ANTORCHA con el ogro.<br><br>El ogro entra en pánico épico. Termina muerto. Te queda culpa de película.
ogro,,,,,,,antorcha_atada,neutral,ogro__antorcha_atada__neutral,neutral,,,Usás ANTORCHA ATADA con el ogro.<br><br>No pasa gran cosa. Seguís vivo.
ogro,,,,,,,anzuelo_de_suerte,ogro_amigo,ogro__anzuelo_de_suerte__ogro_amigo,amigo,ogro_te_acompania,,Usás ANZUELO DE SUERTE con el ogro.<br><br>Le encanta (o lo respeta). Te declara amigo. Te acompaña.
ogro,,,,,,,banquete_infinito,ogro_amigo,ogro__banquete_infinito__ogro_amigo,amigo,ogro_te_acompania,,Usás HECHIZO: BANQUETE INFINITO con el ogro.<br><br>Le encanta (o lo respeta). Te declara amigo. Te acompaña.
ogro,,,,,,,barro,neutral,ogro__barro__neutral,neutral,,,Usás BARRO con el ogro.<br><br>No pasa gran cosa. Seguís vivo.
ogro,,,,,,,boleadora,neutral,ogro__boleadora__neutral,neutral,,,Usás BOLEADORA con el ogro.<br><br>No pasa gran cosa. Seguís vivo.
ogro,,,,,,,boleadora_larga,neutral,ogro__boleadora_larga__neutral,neutral,,,Usás BOLEADORA LARGA con el ogro.<br><br>No pasa gran cosa. Seguís vivo.
ogro,,,,,,,boleadora_telequinetica,neutral,ogro__boleadora_telequinetica__neutral,neutral,,,Usás BOLEADORA TELEQUINÉTICA con el ogro.<br><br>No pasa gran cosa. Seguís vivo.
ogro,,,,,,,brocheta_flambeada,neutral,ogro__brocheta_flambeada__neutral,neutral,,,Usás BROCHETA FLAMBEADA con el ogro.<br><br>No pasa gran cosa. Seguís vivo.
ogro,,,,,,,canto_prohibido,jugador_muere,ogro__canto_prohibido__jugador_muere,neutral,,,Usás CANTO PROHIBIDO con el ogro.<br><br>El ogro interpreta esto como una falta de respeto. No sobrevivís.
ogro,,,,,,,capa_con_capucha,neutral,ogro__capa_con_capucha__neutral,neutral,,,Usás CAPA CON CAPUCHA con el ogro.<br><br>No pasa gran cosa. Seguís vivo.
ogro,,,,,,,carcel_inamovible,neutral,ogro__carcel_inamovible__neutral,neutral,,,Usás CÁRCEL INAMOVIBLE con el ogro.<br><br>No pasa gran cosa. Seguís vivo.
ogro,,,,,,,caña_de_pescar,neutral,ogro__caña_de_pescar__neutral,neutral,,,Usás CAÑA DE PESCAR con el ogro.<br><br>No pasa gran cosa. Seguís vivo.
ogro,,,,,,,cuerda,ogro_amigo,ogro__cuerda__ogro_amigo,amigo,ogro_te_acompania,,Usás CUERDA con el ogro.<br><br>Le encanta (o lo respeta). Te declara amigo. Te acompaña.
ogro,,,,,,,cuerda_empapada,neutral,ogro__cuerda_empapada__neutral,neutral,,,Usás CUERDA EMPAPADA con el ogro.<br><br>No pasa gran cosa. Seguís vivo.
ogro,,,,,,,cuerda_encantada,neutral,ogro__cuerda_encantada__neutral,neutral,,,Usás CUERDA ENCANTADA con el ogro.<br><br>No pasa gran cosa. Seguís vivo.
ogro,,,,,,,cuerda_quemada,neutral,ogro__cuerda_quemada__neutral,neutral,,,Usás CUERDA QUEMADA con el ogro.<br><br>No pasa gran cosa. Seguís vivo.
ogro,,,,,,,cuerda_serpiente,neutral,ogro__cuerda_serpiente__neutral,neutral,,,Usás CUERDA SERPIENTE con el ogro.<br><br>No pasa gran cosa. Seguís vivo.
ogro,,,,,,,dragon_de_bolsillo,ogro_amigo,ogro__dragon_de_bolsillo__ogro_amigo,amigo,ogro_te_acompania,,Usás DRAGÓN DE BOLSILLO con el ogro.<br><br>Le encanta (o lo respeta). Te declara amigo. Te acompaña.
ogro,,,,,,,electricidad_estatica,neutral,ogro__electricidad_estatica__neutral,neutral,,,Usás ELECTRICIDAD ESTÁTICA con el ogro.<br><br>No pasa gran cosa. Seguís vivo.
ogro,,,,,,,espejo,ogro_amigo,ogro__espejo__ogro_amigo,amigo,ogro_te_acompania,,Usás ESPEJO con el ogro.<br><br>Le encanta (o lo respeta). Te declara amigo. Te acompaña.
ogro,,,,,,,espejo_ardiente,ogro_muere,ogro__espejo_ardiente__ogro_muere,muerto,,,Usás ESPEJO ARDIENTE con el ogro.<br><br>El ogro entra en pánico épico. Termina muerto. Te queda culpa de película.
ogro,,,,,,,espejo_de_agua,neutral,ogro__espejo_de_agua__neutral,neutral,,,Usás ESPEJO DE AGUA con el ogro.<br><br>No pasa gran cosa. Seguís vivo.
ogro,,,,,,,espejo_dorado,neutral,ogro__espejo_dorado__neutral,neutral,,,Usás ESPEJO DORADO con el ogro.<br><br>No pasa gran cosa. Seguís vivo.
ogro,,,,,,,espejo_empanado,neutral,ogro__espejo_empanado__neutral,neutral,,,Usás ESPEJO EMPAÑADO con el ogro.<br><br>No pasa gran cosa. Seguís vivo.
ogro,,,,,,,espejo_encantado,neutral,ogro__espejo_encantado__neutral,neutral,,,Usás ESPEJO ENCANTADO con el ogro.<br><br>No pasa gran cosa. Seguís vivo.
ogro,,,,,,,espejo_mosaico,neutral,ogro__espejo_mosaico__neutral,neutral,,,Usás ESPEJO MOSAICO con el ogro.<br><br>No pasa gran cosa. Seguís vivo.
ogro,,,,,,,espejo_que_miente,neutral,ogro__espejo_que_miente__neutral,neutral,,,Usás ESPEJO QUE MIENTE con el ogro.<br><br>No pasa gran cosa. Seguís vivo.
ogro,,,,,,,espejo_roto,jugador_muere,ogro__espejo_roto__jugador_muere,neutral,,,Usás ESPEJO ROTO con el ogro.<br><br>El ogro interpreta esto como una falta de respeto. No sobrevivís.
ogro,,,,,,,fuego,ogro_muere,ogro__fuego__ogro_muere,muerto,,,Usás FUEGO con el ogro.<br><br>El ogro entra en pánico épico. Termina muerto. Te queda culpa de película.
ogro,,,,,,,garrote,jugador_muere,ogro__garrote__jugador_muere,neutral,,,Usás GARROTE con el ogro.<br><br>El ogro interpreta esto como una falta de respeto. No sobrevivís.
ogro,,,,,,,golem_de_barro,neutral,ogro__golem_de_barro__neutral,neutral,,,Usás GOLEM DE BARRO con el ogro.<br><br>No pasa gran cosa. Seguís vivo.
ogro,,,,,,,hechizo_bola_de_fuego,ogro_muere,ogro__hechizo_bola_de_fuego__ogro_muere,muerto,,,Usás HECHIZO: BOLA DE FUEGO con el ogro.<br><br>El ogro entra en pánico épico. Termina muerto. Te queda culpa de película.
ogro,,,,,,,hechizo_choque,ogro_muere,ogro__hechizo_choque__ogro_muere,muerto,,,Usás HECHIZO: CHOQUE con el ogro.<br><br>El ogro entra en pánico épico. Termina muerto. Te queda culpa de película.
ogro,,,,,,,hechizo_convertir_en_pez,ogro_transformado,ogro__hechizo_convertir_en_pez__ogro_es_pez,amigo,"ogro_te_acompania,ogro_es_pez",,Pronunciás el hechizo. BLUP.<br><br>El ogro se convierte en un pez gigante con cara de ogro. Sigue siendo tu amigo. Es… útil.
ogro,,,,,,,hechizo_invocar_marea,ogro_amigo,ogro__hechizo_invocar_marea__ogro_amigo,amigo,ogro_te_acompania,,Usás HECHIZO: INVOCAR MAREA con el ogro.<br><br>Le encanta (o lo respeta). Te declara amigo. Te acompaña.
ogro,,,,,,,hechizo_llama_azul,ogro_muere,ogro__hechizo_llama_azul__ogro_muere,muerto,,,Usás HECHIZO: LLAMA AZUL con el ogro.<br><br>El ogro entra en pánico épico. Termina muerto. Te queda culpa de película.
ogro,,,,,,,hechizo_lluvia,neutral,ogro__hechizo_lluvia__neutral,neutral,,,Usás HECHIZO: LLUVIA con el ogro.<br><br>No pasa gran cosa. Seguís vivo.
ogro,,,,,,,hechizo_piel_de_piedra,neutral,ogro__hechizo_piel_de_piedra__neutral,neutral,,,Usás HECHIZO: PIEL DE PIEDRA con el ogro.<br><br>No pasa gran cosa. Seguís vivo.
ogro,,,,,,,hechizo_sentencia,jugador_muere,ogro__hechizo_sentencia__jugador_muere,neutral,,,Usás HECHIZO: SENTENCIA con el ogro.<br><br>El ogro interpreta esto como una falta de respeto. No sobrevivís.
ogro,,,,,,,hechizo_transmutar,neutral,ogro__hechizo_transmutar__neutral,neutral,,,Usás HECHIZO: TRANSMUTAR con el ogro.<br><br>No pasa gran cosa. Seguís vivo.
ogro,,,,,,,ladrillo,neutral,ogro__ladrillo__neutral,neutral,,,Usás LADRILLO con el ogro.<br><br>No pasa gran cosa. Seguís vivo.
ogro,,,,,,,lanzallamas,ogro_muere,ogro__lanzallamas__ogro_muere,muerto,,,Usás LANZALLAMAS con el ogro.<br><br>El ogro entra en pánico épico. Termina muerto. Te queda culpa de película.
ogro,,,,,,,lanzantorchas,neutral,ogro__lanzantorchas__neutral,neutral,,,Usás LANZANTORCHAS con el ogro.<br><br>No pasa gran cosa. Seguís vivo.
ogro,,,,,,,lazo,neutral,ogro__lazo__neutral,neutral,,,Usás LAZO con el ogro.<br><br>No pasa gran cosa. Seguís vivo.
ogro,,,,,,,lingote_de_oro,neutral,ogro__lingote_de_oro__neutral,neutral,,,Usás LINGOTE DE ORO con el ogro.<br><br>No pasa gran cosa. Seguís vivo.
ogro,,,,,,,magia,ogro_amigo,ogro__magia__ogro_amigo,amigo,ogro_te_acompania,,Usás MAGIA con el ogro.<br><br>Le encanta (o lo respeta). Te declara amigo. Te acompaña.
ogro,,,,,,,mangual,neutral,ogro__mangual__neutral,neutral,,,Usás MANGUAL con el ogro.<br><br>No pasa gran cosa. Seguís vivo.
ogro,,,,,,,manto_invisible,neutral,ogro__manto_invisible__neutral,neutral,,,Usás MANTO INVISIBLE con el ogro.<br><br>No pasa gran cosa. Seguís vivo.
ogro,,,,,,,martillo,neutral,ogro__martillo__neutral,neutral,,,Usás MARTILLO con el ogro.<br><br>No pasa gran cosa. Seguís vivo.
ogro,,,,,,,martillo_sagrado,ogro_amigo,ogro__martillo_sagrado__ogro_amigo,amigo,ogro_te_acompania,,Usás MARTILLO SAGRADO con el ogro.<br><br>Le encanta (o lo respeta). Te declara amigo. Te acompaña.
ogro,,,,,,,mascara_de_barro,neutral,ogro__mascara_de_barro__neutral,neutral,,,Usás MÁSCARA DE BARRO con el ogro.<br><br>No pasa gran cosa. Seguís vivo.
ogro,,,,,,,mascara_de_pez,neutral,ogro__mascara_de_pez__neutral,neutral,,,Usás MÁSCARA DE PEZ con el ogro.<br><br>No pasa gran cosa. Seguís vivo.
ogro,,,,,,,niebla,neutral,ogro__niebla__neutral,neutral,,,Usás NIEBLA con el ogro.<br><br>No pasa gran cosa. Seguís vivo.
ogro,,,,,,,niebla_encantada,neutral,ogro__niebla_encantada__neutral,neutral,,,Usás NIEBLA ENCANTADA con el ogro.<br><br>No pasa gran cosa. Seguís vivo.
ogro,,,,,,,ojo_que_todo_lo_ve,neutral,ogro__ojo_que_todo_lo_ve__neutral,neutral,,,Usás OJO QUE TODO LO VE con el ogro.<br><br>No pasa gran cosa. Seguís vivo.
ogro,,,,,,,oro_liquido,neutral,ogro__oro_liquido__neutral,neutral,,,Usás ORO LÍQUIDO con el ogro.<br><br>No pasa gran cosa. Seguís vivo.
ogro,,,,,,,palo,neutral,ogro__palo__neutral,neutral,,,Usás PALO con el ogro.<br><br>No pasa gran cosa. Seguís vivo.
ogro,,,,,,,palo_mojado,neutral,ogro__palo_mojado__neutral,neutral,,,Usás PALO MOJADO con el ogro.<br><br>No pasa gran cosa. Seguís vivo.
ogro,,,,,,,pararrayos_portatil,neutral,ogro__pararrayos_portatil__neutral,neutral,,,Usás PARARRAYOS PORTÁTIL con el ogro.<br><br>No pasa gran cosa. Seguís vivo.
ogro,,,,,,,periscopio,neutral,ogro__periscopio__neutral,neutral,,,Usás PERISCOPIO con el ogro.<br><br>No pasa gran cosa. Seguís vivo.
ogro,,,,,,,pescado,jugador_muere,ogro__pescado__jugador_muere,neutral,,,Usás PESCADO con el ogro.<br><br>El ogro interpreta esto como una falta de respeto. No sobrevivís.
ogro,,,,,,,pescado_aplastado,jugador_muere,ogro__pescado_aplastado__jugador_muere,neutral,,,Usás PESCADO APLASTADO con el ogro.<br><br>El ogro interpreta esto como una falta de respeto. No sobrevivís.
ogro,,,,,,,pescado_asado,ogro_amigo,ogro__pescado_asado__ogro_amigo,amigo,ogro_te_acompania,,Usás PESCADO ASADO con el ogro.<br><br>Le encanta (o lo respeta). Te declara amigo. Te acompaña.
ogro,,,,,,,pescado_atado,ogro_amigo,ogro__pescado_atado__ogro_amigo,amigo,ogro_te_acompania,,Usás PESCADO ATADO con el ogro.<br><br>Le encanta (o lo respeta). Te declara amigo. Te acompaña.
ogro,,,,,,,pescado_ensartado,neutral,ogro__pescado_ensartado__neutral,neutral,,,Usás PESCADO ENSARTADO con el ogro.<br><br>No pasa gran cosa. Seguís vivo.
ogro,,,,,,,pescado_mojado,jugador_muere,ogro__pescado_mojado__jugador_muere,neutral,,,Usás PESCADO MOJADO con el ogro.<br><br>El ogro interpreta esto como una falta de respeto. No sobrevivís.
ogro,,,,,,,pescado_vanidoso,ogro_amigo,ogro__pescado_vanidoso__ogro_amigo,amigo,ogro_te_acompania,,Usás PESCADO VANIDOSO con el ogro.<br><br>Le encanta (o lo respeta). Te declara amigo. Te acompaña.
ogro,,,,,,,piedra,jugador_muere,ogro__piedra__jugador_muere,neutral,,,Usás PIEDRA con el ogro.<br><br>El ogro interpreta esto como una falta de respeto. No sobrevivís.
ogro,,,,,,,piedra_caliente,ogro_muere,ogro__piedra_caliente__ogro_muere,muerto,,,Usás PIEDRA CALIENTE con el ogro.<br><br>El ogro entra en pánico épico. Termina muerto. Te queda culpa de película.
ogro,,,,,,,piedra_filosofal,ogro_amigo,ogro__piedra_filosofal__ogro_amigo,amigo,ogro_te_acompania,,Usás PIEDRA FILOSOFAL con el ogro.<br><br>Le encanta (o lo respeta). Te declara amigo. Te acompaña.
ogro,,,,,,,portal_de_bolsillo,neutral,ogro__portal_de_bolsillo__neutral,neutral,,,Usás PORTAL DE BOLSILLO con el ogro.<br><br>No pasa gran cosa. Seguís vivo.
ogro,,,,,,,prision_de_vidrio,neutral,ogro__prision_de_vidrio__neutral,neutral,,,Usás PRISIÓN DE VIDRIO con el ogro.<br><br>No pasa gran cosa. Seguís vivo.
ogro,,,,,,,rayo_solar,neutral,ogro__rayo_solar__neutral,neutral,,,Usás RAYO SOLAR con el ogro.<br><br>No pasa gran cosa. Seguís vivo.
ogro,,,,,,,rostro_falso,neutral,ogro__rostro_falso__neutral,neutral,,,Usás ROSTRO FALSO con el ogro.<br><br>No pasa gran cosa. Seguís vivo.
ogro,,,,,,,sauna_portatil,neutral,ogro__sauna_portatil__neutral,neutral,,,Usás SAUNA PORTÁTIL con el ogro.<br><br>No pasa gran cosa. Seguís vivo.
ogro,,,,,,,serpiente_cebada,neutral,ogro__serpiente_cebada__neutral,neutral,,,Usás SERPIENTE CEBADA con el ogro.<br><br>No pasa gran cosa. Seguís vivo.
ogro,,,,,,,sirena_en_el_espejo,neutral,ogro__sirena_en_el_espejo__neutral,neutral,,,Usás SIRENA EN EL ESPEJO con el ogro.<br><br>No pasa gran cosa. Seguís vivo.
ogro,,,,,,,tormenta_en_frasco,neutral,ogro__tormenta_en_frasco__neutral,neutral,,,Usás TORMENTA EN FRASCO con el ogro.<br><br>No pasa gran cosa. Seguís vivo.
ogro,,,,,,,trampa_de_reflejo,neutral,ogro__trampa_de_reflejo__neutral,neutral,,,Usás TRAMPA DE REFLEJO con el ogro.<br><br>No pasa gran cosa. Seguís vivo.
ogro,,,,,,,vapor,neutral,ogro__vapor__neutral,neutral,,,Usás VAPOR con el ogro.<br><br>No pasa gran cosa. Seguís vivo.
ogro,,,,,,,varita_magica,ogro_transformado,ogro__varita_magica__ogro_es_princesa,amigo,"ogro_te_acompania,ogro_es_princesa",,"Apuntás con la varita. Brillo real.<br><br>Ahora el ogro es una princesa ogro. Te acompaña, pero con protocolo."
portal,,,,,,,agua,final_especial,final__agua__ogro_pez__mundo_acuatico,,,"{""flags_all"": [""ogro_es_pez""]}","Tirás AGUA al portal. El mundo se vuelve océano, corrientes y burbujas.<br><br>Tu ogro-pez te lleva como montura real. Los tritones te coronan por asociación. **Badge** probable."
portal,,,,,,,agua,final_especial,final__agua__ogro_princesa__mundo_acuatico,,,"{""flags_all"": [""ogro_es_princesa""]}","Tirás AGUA al portal. El mundo se vuelve océano, corrientes y burbujas.<br><br>La princesa-ogro entra con protocolo y te presenta como su consejero. Terminás con título nobiliario. **Badge** real."
portal,,,,,,,agua,final_bueno,final__agua__con_ogro__mundo_acuatico,,,"{""estado_ogro"": ""amigo""}","Tirás AGUA al portal. El mundo se vuelve océano, corrientes y burbujas.<br><br>Con el ogro de tu lado, todo se vuelve más fácil (y más ruidoso). Llegan a destino. Ending badgeable."
portal,,,,,,,agua,final_malo,final__agua__sin_ogro__mundo_acuatico,,,,"Tirás AGUA al portal. El mundo se vuelve océano, corrientes y burbujas.<br><br>Sin ogro, el mundo te mide. A veces sobrevivís, a veces no. Ending badgeable."
portal,,,,,,,ancla,final_especial,final__ancla__ogro_pez__mundo_vertical,,,"{""flags_all"": [""ogro_es_pez""]}",Tirás ANCLA al portal. Una ciudad vertical sin escaleras exige nudos y coraje.<br><br>Tu ogro-pez te lleva como montura real. Los tritones te coronan por asociación. **Badge** probable.
portal,,,,,,,ancla,final_especial,final__ancla__ogro_princesa__mundo_vertical,,,"{""flags_all"": [""ogro_es_princesa""]}",Tirás ANCLA al portal. Una ciudad vertical sin escaleras exige nudos y coraje.<br><br>La princesa-ogro entra con protocolo y te presenta como su consejero. Terminás con título nobiliario. **Badge** real.
portal,,,,,,,ancla,final_bueno,final__ancla__con_ogro__mundo_vertical,,,"{""estado_ogro"": ""amigo""}","Tirás ANCLA al portal. Una ciudad vertical sin escaleras exige nudos y coraje.<br><br>Con el ogro de tu lado, todo se vuelve más fácil (y más ruidoso). Llegan a destino. Ending badgeable."
portal,,,,,,,ancla,final_malo,final__ancla__sin_ogro__mundo_vertical,,,,"Tirás ANCLA al portal. Una ciudad vertical sin escaleras exige nudos y coraje.<br><br>Sin ogro, el mundo te mide. A veces sobrevivís, a veces no. Ending badgeable."
portal,,,,,,,anguila_electrica,final_especial,final__anguila_electrica__ogro_pez__mundo_acuatico,,,"{""flags_all"": [""ogro_es_pez""]}","Tirás ANGUILA ELÉCTRICA al portal. El mundo se vuelve océano, corrientes y burbujas.<br><br>Tu ogro-pez te lleva como montura real. Los tritones te coronan por asociación. **Badge** probable."
portal,,,,,,,anguila_electrica,final_especial,final__anguila_electrica__ogro_princesa__mundo_acuatico,,,"{""flags_all"": [""ogro_es_princesa""]}","Tirás ANGUILA ELÉCTRICA al portal. El mundo se vuelve océano, corrientes y burbujas.<br><br>La princesa-ogro entra con protocolo y te presenta como su consejero. Terminás con título nobiliario. **Badge** real."
portal,,,,,,,anguila_electrica,final_bueno,final__anguila_electrica__con_ogro__mundo_acuatico,,,"{""estado_ogro"": ""amigo""}","Tirás ANGUILA ELÉCTRICA al portal. El mundo se vuelve océano, corrientes y burbujas.<br><br>Con el ogro de tu lado, todo se vuelve más fácil (y más ruidoso). Llegan a destino. Ending badgeable."
portal,,,,,,,anguila_electrica,final_malo,final__anguila_electrica__sin_ogro__mundo_acuatico,,,,"Tirás ANGUILA ELÉCTRICA al portal. El mundo se vuelve océano, corrientes y burbujas.<br><br>Sin ogro, el mundo te mide. A veces sobrevivís, a veces no. Ending badgeable."
portal,,,,,,,antorcha,final_especial,final__antorcha__ogro_pez__mundo_ceniza,,,"{""flags_all"": [""ogro_es_pez""]}","Tirás ANTORCHA al portal. Todo es brasas, ceniza y viento caliente.<br><br>Tu ogro-pez te lleva como montura real. Los tritones te coronan por asociación. **Badge** probable."
portal,,,,,,,antorcha,final_especial,final__antorcha__ogro_princesa__mundo_ceniza,,,"{""flags_all"": [""ogro_es_princesa""]}","Tirás ANTORCHA al portal. Todo es brasas, ceniza y viento caliente.<br><br>La princesa-ogro entra con protocolo y te presenta como su consejero. Terminás con título nobiliario. **Badge** real."
portal,,,,,,,antorcha,final_bueno,final__antorcha__con_ogro__mundo_ceniza,,,"{""estado_ogro"": ""amigo""}","Tirás ANTORCHA al portal. Todo es brasas, ceniza y viento caliente.<br><br>Con el ogro de tu lado, todo se vuelve más fácil (y más ruidoso). Llegan a destino. Ending badgeable."
portal,,,,,,,antorcha,final_malo,final__antorcha__sin_ogro__mundo_ceniza,,,,"Tirás ANTORCHA al portal. Todo es brasas, ceniza y viento caliente.<br><br>Sin ogro, el mundo te mide. A veces sobrevivís, a veces no. Ending badgeable."
portal,,,,,,,antorcha_atada,final_especial,final__antorcha_atada__ogro_pez__mundo_ceniza,,,"{""flags_all"": [""ogro_es_pez""]}","Tirás ANTORCHA ATADA al portal. Todo es brasas, ceniza y viento caliente.<br><br>Tu ogro-pez te lleva como montura real. Los tritones te coronan por asociación. **Badge** probable."
portal,,,,,,,antorcha_atada,final_especial,final__antorcha_atada__ogro_princesa__mundo_ceniza,,,"{""flags_all"": [""ogro_es_princesa""]}","Tirás ANTORCHA ATADA al portal. Todo es brasas, ceniza y viento caliente.<br><br>La princesa-ogro entra con protocolo y te presenta como su consejero. Terminás con título nobiliario. **Badge** real."
portal,,,,,,,antorcha_atada,final_bueno,final__antorcha_atada__con_ogro__mundo_ceniza,,,"{""estado_ogro"": ""amigo""}","Tirás ANTORCHA ATADA al portal. Todo es brasas, ceniza y viento caliente.<br><br>Con el ogro de tu lado, todo se vuelve más fácil (y más ruidoso). Llegan a destino. Ending badgeable."
portal,,,,,,,antorcha_atada,final_malo,final__antorcha_atada__sin_ogro__mundo_ceniza,,,,"Tirás ANTORCHA ATADA al portal. Todo es brasas, ceniza y viento caliente.<br><br>Sin ogro, el mundo te mide. A veces sobrevivís, a veces no. Ending badgeable."
portal,,,,,,,anzuelo_de_suerte,final_especial,final__anzuelo_de_suerte__ogro_pez__mundo_arcano,,,"{""flags_all"": [""ogro_es_pez""]}","Tirás ANZUELO DE SUERTE al portal. Un lugar arcano aparece: libros, runas y peligros educados.<br><br>Tu ogro-pez te lleva como montura real. Los tritones te coronan por asociación. **Badge** probable."
portal,,,,,,,anzuelo_de_suerte,final_especial,final__anzuelo_de_suerte__ogro_princesa__mundo_arcano,,,"{""flags_all"": [""ogro_es_princesa""]}","Tirás ANZUELO DE SUERTE al portal. Un lugar arcano aparece: libros, runas y peligros educados.<br><br>La princesa-ogro entra con protocolo y te presenta como su consejero. Terminás con título nobiliario. **Badge** real."
portal,,,,,,,anzuelo_de_suerte,final_bueno,final__anzuelo_de_suerte__con_ogro__mundo_arcano,,,"{""estado_ogro"": ""amigo""}","Tirás ANZUELO DE SUERTE al portal. Un lugar arcano aparece: libros, runas y peligros educados.<br><br>Con el ogro de tu lado, todo se vuelve más fácil (y más ruidoso). Llegan a destino. Ending badgeable."
portal,,,,,,,anzuelo_de_suerte,final_malo,final__anzuelo_de_suerte__sin_ogro__mundo_arcano,,,,"Tirás ANZUELO DE SUERTE al portal. Un lugar arcano aparece: libros, runas y peligros educados.<br><br>Sin ogro, el mundo te mide. A veces sobrevivís, a veces no. Ending badgeable."
portal,,,,,,,banquete_infinito,final_especial,final__banquete_infinito__ogro_pez__mundo_ceniza,,,"{""flags_all"": [""ogro_es_pez""]}","Tirás HECHIZO: BANQUETE INFINITO al portal. Todo es brasas, ceniza y viento caliente.<br><br>Tu ogro-pez te lleva como montura real. Los tritones te coronan por asociación. **Badge** probable."
portal,,,,,,,banquete_infinito,final_especial,final__banquete_infinito__ogro_princesa__mundo_ceniza,,,"{""flags_all"": [""ogro_es_princesa""]}","Tirás HECHIZO: BANQUETE INFINITO al portal. Todo es brasas, ceniza y viento caliente.<br><br>La princesa-ogro entra con protocolo y te presenta como su consejero. Terminás con título nobiliario. **Badge** real."
portal,,,,,,,banquete_infinito,final_bueno,final__banquete_infinito__con_ogro__mundo_ceniza,,,"{""estado_ogro"": ""amigo""}","Tirás HECHIZO: BANQUETE INFINITO al portal. Todo es brasas, ceniza y viento caliente.<br><br>Con el ogro de tu lado, todo se vuelve más fácil (y más ruidoso). Llegan a destino. Ending badgeable."
portal,,,,,,,banquete_infinito,final_malo,final__banquete_infinito__sin_ogro__mundo_ceniza,,,,"Tirás HECHIZO: BANQUETE INFINITO al portal. Todo es brasas, ceniza y viento caliente.<br><br>Sin ogro, el mundo te mide. A veces sobrevivís, a veces no. Ending badgeable."
portal,,,,,,,barro,final_especial,final__barro__ogro_pez__mundo_acuatico,,,"{""flags_all"": [""ogro_es_pez""]}","Tirás BARRO al portal. El mundo se vuelve océano, corrientes y burbujas.<br><br>Tu ogro-pez te lleva como montura real. Los tritones te coronan por asociación. **Badge** probable."
portal,,,,,,,barro,final_especial,final__barro__ogro_princesa__mundo_acuatico,,,"{""flags_all"": [""ogro_es_princesa""]}","Tirás BARRO al portal. El mundo se vuelve océano, corrientes y burbujas.<br><br>La princesa-ogro entra con protocolo y te presenta como su consejero. Terminás con título nobiliario. **Badge** real."
portal,,,,,,,barro,final_bueno,final__barro__con_ogro__mundo_acuatico,,,"{""estado_ogro"": ""amigo""}","Tirás BARRO al portal. El mundo se vuelve océano, corrientes y burbujas.<br><br>Con el ogro de tu lado, todo se vuelve más fácil (y más ruidoso). Llegan a destino. Ending badgeable."
portal,,,,,,,barro,final_malo,final__barro__sin_ogro__mundo_acuatico,,,,"Tirás BARRO al portal. El mundo se vuelve océano, corrientes y burbujas.<br><br>Sin ogro, el mundo te mide. A veces sobrevivís, a veces no. Ending badgeable."
portal,,,,,,,boleadora,final_especial,final__boleadora__ogro_pez__mundo_vertical,,,"{""flags_all"": [""ogro_es_pez""]}",Tirás BOLEADORA al portal. Una ciudad vertical sin escaleras exige nudos y coraje.<br><br>Tu ogro-pez te lleva como montura real. Los tritones te coronan por asociación. **Badge** probable.
portal,,,,,,,boleadora,final_especial,final__boleadora__ogro_princesa__mundo_vertical,,,"{""flags_all"": [""ogro_es_princesa""]}",Tirás BOLEADORA al portal. Una ciudad vertical sin escaleras exige nudos y coraje.<br><br>La princesa-ogro entra con protocolo y te presenta como su consejero. Terminás con título nobiliario. **Badge** real.
portal,,,,,,,boleadora,final_bueno,final__boleadora__con_ogro__mundo_vertical,,,"{""estado_ogro"": ""amigo""}","Tirás BOLEADORA al portal. Una ciudad vertical sin escaleras exige nudos y coraje.<br><br>Con el ogro de tu lado, todo se vuelve más fácil (y más ruidoso). Llegan a destino. Ending badgeable."
portal,,,,,,,boleadora,final_malo,final__boleadora__sin_ogro__mundo_vertical,,,,"Tirás BOLEADORA al portal. Una ciudad vertical sin escaleras exige nudos y coraje.<br><br>Sin ogro, el mundo te mide. A veces sobrevivís, a veces no. Ending badgeable."
portal,,,,,,,boleadora_larga,final_especial,final__boleadora_larga__ogro_pez__mundo_vertical,,,"{""flags_all"": [""ogro_es_pez""]}",Tirás BOLEADORA LARGA al portal. Una ciudad vertical sin escaleras exige nudos y coraje.<br><br>Tu ogro-pez te lleva como montura real. Los tritones te coronan por asociación. **Badge** probable.
portal,,,,,,,boleadora_larga,final_especial,final__boleadora_larga__ogro_princesa__mundo_vertical,,,"{""flags_all"": [""ogro_es_princesa""]}",Tirás BOLEADORA LARGA al portal. Una ciudad vertical sin escaleras exige nudos y coraje.<br><br>La princesa-ogro entra con protocolo y te presenta como su consejero. Terminás con título nobiliario. **Badge** real.
portal,,,,,,,boleadora_larga,final_bueno,final__boleadora_larga__con_ogro__mundo_vertical,,,"{""estado_ogro"": ""amigo""}","Tirás BOLEADORA LARGA al portal. Una ciudad vertical sin escaleras exige nudos y coraje.<br><br>Con el ogro de tu lado, todo se vuelve más fácil (y más ruidoso). Llegan a destino. Ending badgeable."
portal,,,,,,,boleadora_larga,final_malo,final__boleadora_larga__sin_ogro__mundo_vertical,,,,"Tirás BOLEADORA LARGA al portal. Una ciudad vertical sin escaleras exige nudos y coraje.<br><br>Sin ogro, el mundo te mide. A veces sobrevivís, a veces no. Ending badgeable."
portal,,,,,,,boleadora_telequinetica,final_especial,final__boleadora_telequinetica__ogro_pez__mundo_arcano,,,"{""flags_all"": [""ogro_es_pez""]}","Tirás BOLEADORA TELEQUINÉTICA al portal. Un lugar arcano aparece: libros, runas y peligros educados.<br><br>Tu ogro-pez te lleva como montura real. Los tritones te coronan por asociación. **Badge** probable."
portal,,,,,,,boleadora_telequinetica,final_especial,final__boleadora_telequinetica__ogro_princesa__mundo_arcano,,,"{""flags_all"": [""ogro_es_princesa""]}","Tirás BOLEADORA TELEQUINÉTICA al portal. Un lugar arcano aparece: libros, runas y peligros educados.<br><br>La princesa-ogro entra con protocolo y te presenta como su consejero. Terminás con título nobiliario. **Badge** real."
portal,,,,,,,boleadora_telequinetica,final_bueno,final__boleadora_telequinetica__con_ogro__mundo_arcano,,,"{""estado_ogro"": ""amigo""}","Tirás BOLEADORA TELEQUINÉTICA al portal. Un lugar arcano aparece: libros, runas y peligros educados.<br><br>Con el ogro de tu lado, todo se vuelve más fácil (y más ruidoso). Llegan a destino. Ending badgeable."
portal,,,,,,,boleadora_telequinetica,final_malo,final__boleadora_telequinetica__sin_ogro__mundo_arcano,,,,"Tirás BOLEADORA TELEQUINÉTICA al portal. Un lugar arcano aparece: libros, runas y peligros educados.<br><br>Sin ogro, el mundo te mide. A veces sobrevivís, a veces no. Ending badgeable."
portal,,,,,,,brocheta_flambeada,final_especial,final__brocheta_flambeada__ogro_pez__mundo_ceniza,,,"{""flags_all"": [""ogro_es_pez""]}","Tirás BROCHETA FLAMBEADA al portal. Todo es brasas, ceniza y viento caliente.<br><br>Tu ogro-pez te lleva como montura real. Los tritones te coronan por asociación. **Badge** probable."
portal,,,,,,,brocheta_flambeada,final_especial,final__brocheta_flambeada__ogro_princesa__mundo_ceniza,,,"{""flags_all"": [""ogro_es_princesa""]}","Tirás BROCHETA FLAMBEADA al portal. Todo es brasas, ceniza y viento caliente.<br><br>La princesa-ogro entra con protocolo y te presenta como su consejero. Terminás con título nobiliario. **Badge** real."
portal,,,,,,,brocheta_flambeada,final_bueno,final__brocheta_flambeada__con_ogro__mundo_ceniza,,,"{""estado_ogro"": ""amigo""}","Tirás BROCHETA FLAMBEADA al portal. Todo es brasas, ceniza y viento caliente.<br><br>Con el ogro de tu lado, todo se vuelve más fácil (y más ruidoso). Llegan a destino. Ending badgeable."
portal,,,,,,,brocheta_flambeada,final_malo,final__brocheta_flambeada__sin_ogro__mundo_ceniza,,,,"Tirás BROCHETA FLAMBEADA al portal. Todo es brasas, ceniza y viento caliente.<br><br>Sin ogro, el mundo te mide. A veces sobrevivís, a veces no. Ending badgeable."
portal,,,,,,,canto_prohibido,final_especial,final__canto_prohibido__ogro_pez__mundo_acuatico,,,"{""flags_all"": [""ogro_es_pez""]}","Tirás CANTO PROHIBIDO al portal. El mundo se vuelve océano, corrientes y burbujas.<br><br>Tu ogro-pez te lleva como montura real. Los tritones te coronan por asociación. **Badge** probable."
portal,,,,,,,canto_prohibido,final_especial,final__canto_prohibido__ogro_princesa__mundo_acuatico,,,"{""flags_all"": [""ogro_es_princesa""]}","Tirás CANTO PROHIBIDO al portal. El mundo se vuelve océano, corrientes y burbujas.<br><br>La princesa-ogro entra con protocolo y te presenta como su consejero. Terminás con título nobiliario. **Badge** real."
portal,,,,,,,canto_prohibido,final_bueno,final__canto_prohibido__con_ogro__mundo_acuatico,,,"{""estado_ogro"": ""amigo""}","Tirás CANTO PROHIBIDO al portal. El mundo se vuelve océano, corrientes y burbujas.<br><br>Con el ogro de tu lado, todo se vuelve más fácil (y más ruidoso). Llegan a destino. Ending badgeable."
portal,,,,,,,canto_prohibido,final_malo,final__canto_prohibido__sin_ogro__mundo_acuatico,,,,"Tirás CANTO PROHIBIDO al portal. El mundo se vuelve océano, corrientes y burbujas.<br><br>Sin ogro, el mundo te mide. A veces sobrevivís, a veces no. Ending badgeable."
portal,,,,,,,capa_con_capucha,final_especial,final__capa_con_capucha__ogro_pez__mundo_acuatico,,,"{""flags_all"": [""ogro_es_pez""]}","Tirás CAPA CON CAPUCHA al portal. El mundo se vuelve océano, corrientes y burbujas.<br><br>Tu ogro-pez te lleva como montura real. Los tritones te coronan por asociación. **Badge** probable."
portal,,,,,,,capa_con_capucha,final_especial,final__capa_con_capucha__ogro_princesa__mundo_acuatico,,,"{""flags_all"": [""ogro_es_princesa""]}","Tirás CAPA CON CAPUCHA al portal. El mundo se vuelve océano, corrientes y burbujas.<br><br>La princesa-ogro entra con protocolo y te presenta como su consejero. Terminás con título nobiliario. **Badge** real."
portal,,,,,,,capa_con_capucha,final_bueno,final__capa_con_capucha__con_ogro__mundo_acuatico,,,"{""estado_ogro"": ""amigo""}","Tirás CAPA CON CAPUCHA al portal. El mundo se vuelve océano, corrientes y burbujas.<br><br>Con el ogro de tu lado, todo se vuelve más fácil (y más ruidoso). Llegan a destino. Ending badgeable."
portal,,,,,,,capa_con_capucha,final_malo,final__capa_con_capucha__sin_ogro__mundo_acuatico,,,,"Tirás CAPA CON CAPUCHA al portal. El mundo se vuelve océano, corrientes y burbujas.<br><br>Sin ogro, el mundo te mide. A veces sobrevivís, a veces no. Ending badgeable."
portal,,,,,,,carcel_inamovible,final_especial,final__carcel_inamovible__ogro_pez__mundo_arcano,,,"{""flags_all"": [""ogro_es_pez""]}","Tirás CÁRCEL INAMOVIBLE al portal. Un lugar arcano aparece: libros, runas y peligros educados.<br><br>Tu ogro-pez te lleva como montura real. Los tritones te coronan por asociación. **Badge** probable."
portal,,,,,,,carcel_inamovible,final_especial,final__carcel_inamovible__ogro_princesa__mundo_arcano,,,"{""flags_all"": [""ogro_es_princesa""]}","Tirás CÁRCEL INAMOVIBLE al portal. Un lugar arcano aparece: libros, runas y peligros educados.<br><br>La princesa-ogro entra con protocolo y te presenta como su consejero. Terminás con título nobiliario. **Badge** real."
portal,,,,,,,carcel_inamovible,final_bueno,final__carcel_inamovible__con_ogro__mundo_arcano,,,"{""estado_ogro"": ""amigo""}","Tirás CÁRCEL INAMOVIBLE al portal. Un lugar arcano aparece: libros, runas y peligros educados.<br><br>Con el ogro de tu lado, todo se vuelve más fácil (y más ruidoso). Llegan a destino. Ending badgeable."
portal,,,,,,,carcel_inamovible,final_malo,final__carcel_inamovible__sin_ogro__mundo_arcano,,,,"Tirás CÁRCEL INAMOVIBLE al portal. Un lugar arcano aparece: libros, runas y peligros educados.<br><br>Sin ogro, el mundo te mide. A veces sobrevivís, a veces no. Ending badgeable."
portal,,,,,,,caña_de_pescar,final_especial,final__caña_de_pescar__ogro_pez__mundo_vertical,,,"{""flags_all"": [""ogro_es_pez""]}",Tirás CAÑA DE PESCAR al portal. Una ciudad vertical sin escaleras exige nudos y coraje.<br><br>Tu ogro-pez te lleva como montura real. Los tritones te coronan por asociación. **Badge** probable.
portal,,,,,,,caña_de_pescar,final_especial,final__caña_de_pescar__ogro_princesa__mundo_vertical,,,"{""flags_all"": [""ogro_es_princesa""]}",Tirás CAÑA DE PESCAR al portal. Una ciudad vertical sin escaleras exige nudos y coraje.<br><br>La princesa-ogro entra con protocolo y te presenta como su consejero. Terminás con título nobiliario. **Badge** real.
portal,,,,,,,caña_de_pescar,final_bueno,final__caña_de_pescar__con_ogro__mundo_vertical,,,"{""estado_ogro"": ""amigo""}","Tirás CAÑA DE PESCAR al portal. Una ciudad vertical sin escaleras exige nudos y coraje.<br><br>Con el ogro de tu lado, todo se vuelve más fácil (y más ruidoso). Llegan a destino. Ending badgeable."
portal,,,,,,,caña_de_pescar,final_malo,final__caña_de_pescar__sin_ogro__mundo_vertical,,,,"Tirás CAÑA DE PESCAR al portal. Una ciudad vertical sin escaleras exige nudos y coraje.<br><br>Sin ogro, el mundo te mide. A veces sobrevivís, a veces no. Ending badgeable."
portal,,,,,,,cuerda,final_especial,final__cuerda__ogro_pez__mundo_vertical,,,"{""flags_all"": [""ogro_es_pez""]}",Tirás CUERDA al portal. Una ciudad vertical sin escaleras exige nudos y coraje.<br><br>Tu ogro-pez te lleva como montura real. Los tritones te coronan por asociación. **Badge** probable.
portal,,,,,,,cuerda,final_especial,final__cuerda__ogro_princesa__mundo_vertical,,,"{""flags_all"": [""ogro_es_princesa""]}",Tirás CUERDA al portal. Una ciudad vertical sin escaleras exige nudos y coraje.<br><br>La princesa-ogro entra con protocolo y te presenta como su consejero. Terminás con título nobiliario. **Badge** real.
portal,,,,,,,cuerda,final_bueno,final__cuerda__con_ogro__mundo_vertical,,,"{""estado_ogro"": ""amigo""}","Tirás CUERDA al portal. Una ciudad vertical sin escaleras exige nudos y coraje.<br><br>Con el ogro de tu lado, todo se vuelve más fácil (y más ruidoso). Llegan a destino. Ending badgeable."
portal,,,,,,,cuerda,final_malo,final__cuerda__sin_ogro__mundo_vertical,,,,"Tirás CUERDA al portal. Una ciudad vertical sin escaleras exige nudos y coraje.<br><br>Sin ogro, el mundo te mide. A veces sobrevivís, a veces no. Ending badgeable."
portal,,,,,,,cuerda_empapada,final_especial,final__cuerda_empapada__ogro_pez__mundo_acuatico,,,"{""flags_all"": [""ogro_es_pez""]}","Tirás CUERDA EMPAPADA al portal. El mundo se vuelve océano, corrientes y burbujas.<br><br>Tu ogro-pez te lleva como montura real. Los tritones te coronan por asociación. **Badge** probable."
portal,,,,,,,cuerda_empapada,final_especial,final__cuerda_empapada__ogro_princesa__mundo_acuatico,,,"{""flags_all"": [""ogro_es_princesa""]}","Tirás CUERDA EMPAPADA al portal. El mundo se vuelve océano, corrientes y burbujas.<br><br>La princesa-ogro entra con protocolo y te presenta como su consejero. Terminás con título nobiliario. **Badge** real."
portal,,,,,,,cuerda_empapada,final_bueno,final__cuerda_empapada__con_ogro__mundo_acuatico,,,"{""estado_ogro"": ""amigo""}","Tirás CUERDA EMPAPADA al portal. El mundo se vuelve océano, corrientes y burbujas.<br><br>Con el ogro de tu lado, todo se vuelve más fácil (y más ruidoso). Llegan a destino. Ending badgeable."
portal,,,,,,,cuerda_empapada,final_malo,final__cuerda_empapada__sin_ogro__mundo_acuatico,,,,"Tirás CUERDA EMPAPADA al portal. El mundo se vuelve océano, corrientes y burbujas.<br><br>Sin ogro, el mundo te mide. A veces sobrevivís, a veces no. Ending badgeable."
portal,,,,,,,cuerda_encantada,final_especial,final__cuerda_encantada__ogro_pez__mundo_arcano,,,"{""flags_all"": [""ogro_es_pez""]}","Tirás CUERDA ENCANTADA al portal. Un lugar arcano aparece: libros, runas y peligros educados.<br><br>Tu ogro-pez te lleva como montura real. Los tritones te coronan por asociación. **Badge** probable."
portal,,,,,,,cuerda_encantada,final_especial,final__cuerda_encantada__ogro_princesa__mundo_arcano,,,"{""flags_all"": [""ogro_es_princesa""]}","Tirás CUERDA ENCANTADA al portal. Un lugar arcano aparece: libros, runas y peligros educados.<br><br>La princesa-ogro entra con protocolo y te presenta como su consejero. Terminás con título nobiliario. **Badge** real."
portal,,,,,,,cuerda_encantada,final_bueno,final__cuerda_encantada__con_ogro__mundo_arcano,,,"{""estado_ogro"": ""amigo""}","Tirás CUERDA ENCANTADA al portal. Un lugar arcano aparece: libros, runas y peligros educados.<br><br>Con el ogro de tu lado, todo se vuelve más fácil (y más ruidoso). Llegan a destino. Ending badgeable."
portal,,,,,,,cuerda_encantada,final_malo,final__cuerda_encantada__sin_ogro__mundo_arcano,,,,"Tirás CUERDA ENCANTADA al portal. Un lugar arcano aparece: libros, runas y peligros educados.<br><br>Sin ogro, el mundo te mide. A veces sobrevivís, a veces no. Ending badgeable."
portal,,,,,,,cuerda_quemada,final_especial,final__cuerda_quemada__ogro_pez__mundo_ceniza,,,"{""flags_all"": [""ogro_es_pez""]}","Tirás CUERDA QUEMADA al portal. Todo es brasas, ceniza y viento caliente.<br><br>Tu ogro-pez te lleva como montura real. Los tritones te coronan por asociación. **Badge** probable."
portal,,,,,,,cuerda_quemada,final_especial,final__cuerda_quemada__ogro_princesa__mundo_ceniza,,,"{""flags_all"": [""ogro_es_princesa""]}","Tirás CUERDA QUEMADA al portal. Todo es brasas, ceniza y viento caliente.<br><br>La princesa-ogro entra con protocolo y te presenta como su consejero. Terminás con título nobiliario. **Badge** real."
portal,,,,,,,cuerda_quemada,final_bueno,final__cuerda_quemada__con_ogro__mundo_ceniza,,,"{""estado_ogro"": ""amigo""}","Tirás CUERDA QUEMADA al portal. Todo es brasas, ceniza y viento caliente.<br><br>Con el ogro de tu lado, todo se vuelve más fácil (y más ruidoso). Llegan a destino. Ending badgeable."
portal,,,,,,,cuerda_quemada,final_malo,final__cuerda_quemada__sin_ogro__mundo_ceniza,,,,"Tirás CUERDA QUEMADA al portal. Todo es brasas, ceniza y viento caliente.<br><br>Sin ogro, el mundo te mide. A veces sobrevivís, a veces no. Ending badgeable."
portal,,,,,,,cuerda_serpiente,final_especial,final__cuerda_serpiente__ogro_pez__mundo_arcano,,,"{""flags_all"": [""ogro_es_pez""]}","Tirás CUERDA SERPIENTE al portal. Un lugar arcano aparece: libros, runas y peligros educados.<br><br>Tu ogro-pez te lleva como montura real. Los tritones te coronan por asociación. **Badge** probable."
portal,,,,,,,cuerda_serpiente,final_especial,final__cuerda_serpiente__ogro_princesa__mundo_arcano,,,"{""flags_all"": [""ogro_es_princesa""]}","Tirás CUERDA SERPIENTE al portal. Un lugar arcano aparece: libros, runas y peligros educados.<br><br>La princesa-ogro entra con protocolo y te presenta como su consejero. Terminás con título nobiliario. **Badge** real."
portal,,,,,,,cuerda_serpiente,final_bueno,final__cuerda_serpiente__con_ogro__mundo_arcano,,,"{""estado_ogro"": ""amigo""}","Tirás CUERDA SERPIENTE al portal. Un lugar arcano aparece: libros, runas y peligros educados.<br><br>Con el ogro de tu lado, todo se vuelve más fácil (y más ruidoso). Llegan a destino. Ending badgeable."
portal,,,,,,,cuerda_serpiente,final_malo,final__cuerda_serpiente__sin_ogro__mundo_arcano,,,,"Tirás CUERDA SERPIENTE al portal. Un lugar arcano aparece: libros, runas y peligros educados.<br><br>Sin ogro, el mundo te mide. A veces sobrevivís, a veces no. Ending badgeable."
portal,,,,,,,dragon_de_bolsillo,final_especial,final__dragon_de_bolsillo__ogro_pez__mundo_arcano,,,"{""flags_all"": [""ogro_es_pez""]}","Tirás DRAGÓN DE BOLSILLO al portal. Un lugar arcano aparece: libros, runas y peligros educados.<br><br>Tu ogro-pez te lleva como montura real. Los tritones te coronan por asociación. **Badge** probable."
portal,,,,,,,dragon_de_bolsillo,final_especial,final__dragon_de_bolsillo__ogro_princesa__mundo_arcano,,,"{""flags_all"": [""ogro_es_princesa""]}","Tirás DRAGÓN DE BOLSILLO al portal. Un lugar arcano aparece: libros, runas y peligros educados.<br><br>La princesa-ogro entra con protocolo y te presenta como su consejero. Terminás con título nobiliario. **Badge** real."
portal,,,,,,,dragon_de_bolsillo,final_bueno,final__dragon_de_bolsillo__con_ogro__mundo_arcano,,,"{""estado_ogro"": ""amigo""}","Tirás DRAGÓN DE BOLSILLO al portal. Un lugar arcano aparece: libros, runas y peligros educados.<br><br>Con el ogro de tu lado, todo se vuelve más fácil (y más ruidoso). Llegan a destino. Ending badgeable."
portal,,,,,,,dragon_de_bolsillo,final_malo,final__dragon_de_bolsillo__sin_ogro__mundo_arcano,,,,"Tirás DRAGÓN DE BOLSILLO al portal. Un lugar arcano aparece: libros, runas y peligros educados.<br><br>Sin ogro, el mundo te mide. A veces sobrevivís, a veces no. Ending badgeable."
portal,,,,,,,electricidad_estatica,final_especial,final__electricidad_estatica__ogro_pez__mundo_ceniza,,,"{""flags_all"": [""ogro_es_pez""]}","Tirás ELECTRICIDAD ESTÁTICA al portal. Todo es brasas, ceniza y viento caliente.<br><br>Tu ogro-pez te lleva como montura real. Los tritones te coronan por asociación. **Badge** probable."
portal,,,,,,,electricidad_estatica,final_especial,final__electricidad_estatica__ogro_princesa__mundo_ceniza,,,"{""flags_all"": [""ogro_es_princesa""]}","Tirás ELECTRICIDAD ESTÁTICA al portal. Todo es brasas, ceniza y viento caliente.<br><br>La princesa-ogro entra con protocolo y te presenta como su consejero. Terminás con título nobiliario. **Badge** real."
portal,,,,,,,electricidad_estatica,final_bueno,final__electricidad_estatica__con_ogro__mundo_ceniza,,,"{""estado_ogro"": ""amigo""}","Tirás ELECTRICIDAD ESTÁTICA al portal. Todo es brasas, ceniza y viento caliente.<br><br>Con el ogro de tu lado, todo se vuelve más fácil (y más ruidoso). Llegan a destino. Ending badgeable."
portal,,,,,,,electricidad_estatica,final_malo,final__electricidad_estatica__sin_ogro__mundo_ceniza,,,,"Tirás ELECTRICIDAD ESTÁTICA al portal. Todo es brasas, ceniza y viento caliente.<br><br>Sin ogro, el mundo te mide. A veces sobrevivís, a veces no. Ending badgeable."
portal,,,,,,,espejo,final_especial,final__espejo__ogro_pez__mundo_reflejo,,,"{""flags_all"": [""ogro_es_pez""]}",Tirás ESPEJO al portal. Tu reflejo aparece con opiniones no solicitadas.<br><br>Tu ogro-pez te lleva como montura real. Los tritones te coronan por asociación. **Badge** probable.
portal,,,,,,,espejo,final_especial,final__espejo__ogro_princesa__mundo_reflejo,,,"{""flags_all"": [""ogro_es_princesa""]}",Tirás ESPEJO al portal. Tu reflejo aparece con opiniones no solicitadas.<br><br>La princesa-ogro entra con protocolo y te presenta como su consejero. Terminás con título nobiliario. **Badge** real.
portal,,,,,,,espejo,final_bueno,final__espejo__con_ogro__mundo_reflejo,,,"{""estado_ogro"": ""amigo""}","Tirás ESPEJO al portal. Tu reflejo aparece con opiniones no solicitadas.<br><br>Con el ogro de tu lado, todo se vuelve más fácil (y más ruidoso). Llegan a destino. Ending badgeable."
portal,,,,,,,espejo,final_malo,final__espejo__sin_ogro__mundo_reflejo,,,,"Tirás ESPEJO al portal. Tu reflejo aparece con opiniones no solicitadas.<br><br>Sin ogro, el mundo te mide. A veces sobrevivís, a veces no. Ending badgeable."
portal,,,,,,,espejo_ardiente,final_especial,final__espejo_ardiente__ogro_pez__mundo_ceniza,,,"{""flags_all"": [""ogro_es_pez""]}","Tirás ESPEJO ARDIENTE al portal. Todo es brasas, ceniza y viento caliente.<br><br>Tu ogro-pez te lleva como montura real. Los tritones te coronan por asociación. **Badge** probable."
portal,,,,,,,espejo_ardiente,final_especial,final__espejo_ardiente__ogro_princesa__mundo_ceniza,,,"{""flags_all"": [""ogro_es_princesa""]}","Tirás ESPEJO ARDIENTE al portal. Todo es brasas, ceniza y viento caliente.<br><br>La princesa-ogro entra con protocolo y te presenta como su consejero. Terminás con título nobiliario. **Badge** real."
portal,,,,,,,espejo_ardiente,final_bueno,final__espejo_ardiente__con_ogro__mundo_ceniza,,,"{""estado_ogro"": ""amigo""}","Tirás ESPEJO ARDIENTE al portal. Todo es brasas, ceniza y viento caliente.<br><br>Con el ogro de tu lado, todo se vuelve más fácil (y más ruidoso). Llegan a destino. Ending badgeable."
portal,,,,,,,espejo_ardiente,final_malo,final__espejo_ardiente__sin_ogro__mundo_ceniza,,,,"Tirás ESPEJO ARDIENTE al portal. Todo es brasas, ceniza y viento caliente.<br><br>Sin ogro, el mundo te mide. A veces sobrevivís, a veces no. Ending badgeable."
portal,,,,,,,espejo_de_agua,final_especial,final__espejo_de_agua__ogro_pez__mundo_acuatico,,,"{""flags_all"": [""ogro_es_pez""]}","Tirás ESPEJO DE AGUA al portal. El mundo se vuelve océano, corrientes y burbujas.<br><br>Tu ogro-pez te lleva como montura real. Los tritones te coronan por asociación. **Badge** probable."
portal,,,,,,,espejo_de_agua,final_especial,final__espejo_de_agua__ogro_princesa__mundo_acuatico,,,"{""flags_all"": [""ogro_es_princesa""]}","Tirás ESPEJO DE AGUA al portal. El mundo se vuelve océano, corrientes y burbujas.<br><br>La princesa-ogro entra con protocolo y te presenta como su consejero. Terminás con título nobiliario. **Badge** real."
portal,,,,,,,espejo_de_agua,final_bueno,final__espejo_de_agua__con_ogro__mundo_acuatico,,,"{""estado_ogro"": ""amigo""}","Tirás ESPEJO DE AGUA al portal. El mundo se vuelve océano, corrientes y burbujas.<br><br>Con el ogro de tu lado, todo se vuelve más fácil (y más ruidoso). Llegan a destino. Ending badgeable."
portal,,,,,,,espejo_de_agua,final_malo,final__espejo_de_agua__sin_ogro__mundo_acuatico,,,,"Tirás ESPEJO DE AGUA al portal. El mundo se vuelve océano, corrientes y burbujas.<br><br>Sin ogro, el mundo te mide. A veces sobrevivís, a veces no. Ending badgeable."
portal,,,,,,,espejo_dorado,final_especial,final__espejo_dorado__ogro_pez__mundo_ceniza,,,"{""flags_all"": [""ogro_es_pez""]}","Tirás ESPEJO DORADO al portal. Todo es brasas, ceniza y viento caliente.<br><br>Tu ogro-pez te lleva como montura real. Los tritones te coronan por asociación. **Badge** probable."
portal,,,,,,,espejo_dorado,final_especial,final__espejo_dorado__ogro_princesa__mundo_ceniza,,,"{""flags_all"": [""ogro_es_princesa""]}","Tirás ESPEJO DORADO al portal. Todo es brasas, ceniza y viento caliente.<br><br>La princesa-ogro entra con protocolo y te presenta como su consejero. Terminás con título nobiliario. **Badge** real."
portal,,,,,,,espejo_dorado,final_bueno,final__espejo_dorado__con_ogro__mundo_ceniza,,,"{""estado_ogro"": ""amigo""}","Tirás ESPEJO DORADO al portal. Todo es brasas, ceniza y viento caliente.<br><br>Con el ogro de tu lado, todo se vuelve más fácil (y más ruidoso). Llegan a destino. Ending badgeable."
portal,,,,,,,espejo_dorado,final_malo,final__espejo_dorado__sin_ogro__mundo_ceniza,,,,"Tirás ESPEJO DORADO al portal. Todo es brasas, ceniza y viento caliente.<br><br>Sin ogro, el mundo te mide. A veces sobrevivís, a veces no. Ending badgeable."
portal,,,,,,,espejo_empanado,final_especial,final__espejo_empanado__ogro_pez__mundo_acuatico,,,"{""flags_all"": [""ogro_es_pez""]}","Tirás ESPEJO EMPAÑADO al portal. El mundo se vuelve océano, corrientes y burbujas.<br><br>Tu ogro-pez te lleva como montura real. Los tritones te coronan por asociación. **Badge** probable."
portal,,,,,,,espejo_empanado,final_especial,final__espejo_empanado__ogro_princesa__mundo_acuatico,,,"{""flags_all"": [""ogro_es_princesa""]}","Tirás ESPEJO EMPAÑADO al portal. El mundo se vuelve océano, corrientes y burbujas.<br><br>La princesa-ogro entra con protocolo y te presenta como su consejero. Terminás con título nobiliario. **Badge** real."
portal,,,,,,,espejo_empanado,final_bueno,final__espejo_empanado__con_ogro__mundo_acuatico,,,"{""estado_ogro"": ""amigo""}","Tirás ESPEJO EMPAÑADO al portal. El mundo se vuelve océano, corrientes y burbujas.<br><br>Con el ogro de tu lado, todo se vuelve más fácil (y más ruidoso). Llegan a destino. Ending badgeable."
portal,,,,,,,espejo_empanado,final_malo,final__espejo_empanado__sin_ogro__mundo_acuatico,,,,"Tirás ESPEJO EMPAÑADO al portal. El mundo se vuelve océano, corrientes y burbujas.<br><br>Sin ogro, el mundo te mide. A veces sobrevivís, a veces no. Ending badgeable."
portal,,,,,,,espejo_encantado,final_especial,final__espejo_encantado__ogro_pez__mundo_arcano,,,"{""flags_all"": [""ogro_es_pez""]}","Tirás ESPEJO ENCANTADO al portal. Un lugar arcano aparece: libros, runas y peligros educados.<br><br>Tu ogro-pez te lleva como montura real. Los tritones te coronan por asociación. **Badge** probable."
portal,,,,,,,espejo_encantado,final_especial,final__espejo_encantado__ogro_princesa__mundo_arcano,,,"{""flags_all"": [""ogro_es_princesa""]}","Tirás ESPEJO ENCANTADO al portal. Un lugar arcano aparece: libros, runas y peligros educados.<br><br>La princesa-ogro entra con protocolo y te presenta como su consejero. Terminás con título nobiliario. **Badge** real."
portal,,,,,,,espejo_encantado,final_bueno,final__espejo_encantado__con_ogro__mundo_arcano,,,"{""estado_ogro"": ""amigo""}","Tirás ESPEJO ENCANTADO al portal. Un lugar arcano aparece: libros, runas y peligros educados.<br><br>Con el ogro de tu lado, todo se vuelve más fácil (y más ruidoso). Llegan a destino. Ending badgeable."
portal,,,,,,,espejo_encantado,final_malo,final__espejo_encantado__sin_ogro__mundo_arcano,,,,"Tirás ESPEJO ENCANTADO al portal. Un lugar arcano aparece: libros, runas y peligros educados.<br><br>Sin ogro, el mundo te mide. A veces sobrevivís, a veces no. Ending badgeable."
portal,,,,,,,espejo_mosaico,final_especial,final__espejo_mosaico__ogro_pez__mundo_arcano,,,"{""flags_all"": [""ogro_es_pez""]}","Tirás ESPEJO MOSAICO al portal. Un lugar arcano aparece: libros, runas y peligros educados.<br><br>Tu ogro-pez te lleva como montura real. Los tritones te coronan por asociación. **Badge** probable."
portal,,,,,,,espejo_mosaico,final_especial,final__espejo_mosaico__ogro_princesa__mundo_arcano,,,"{""flags_all"": [""ogro_es_princesa""]}","Tirás ESPEJO MOSAICO al portal. Un lugar arcano aparece: libros, runas y peligros educados.<br><br>La princesa-ogro entra con protocolo y te presenta como su consejero. Terminás con título nobiliario. **Badge** real."
portal,,,,,,,espejo_mosaico,final_bueno,final__espejo_mosaico__con_ogro__mundo_arcano,,,"{""estado_ogro"": ""amigo""}","Tirás ESPEJO MOSAICO al portal. Un lugar arcano aparece: libros, runas y peligros educados.<br><br>Con el ogro de tu lado, todo se vuelve más fácil (y más ruidoso). Llegan a destino. Ending badgeable."
portal,,,,,,,espejo_mosaico,final_malo,final__espejo_mosaico__sin_ogro__mundo_arcano,,,,"Tirás ESPEJO MOSAICO al portal. Un lugar arcano aparece: libros, runas y peligros educados.<br><br>Sin ogro, el mundo te mide. A veces sobrevivís, a veces no. Ending badgeable."
portal,,,,,,,espejo_que_miente,final_especial,final__espejo_que_miente__ogro_pez__mundo_ceniza,,,"{""flags_all"": [""ogro_es_pez""]}","Tirás ESPEJO QUE MIENTE al portal. Todo es brasas, ceniza y viento caliente.<br><br>Tu ogro-pez te lleva como montura real. Los tritones te coronan por asociación. **Badge** probable."
portal,,,,,,,espejo_que_miente,final_especial,final__espejo_que_miente__ogro_princesa__mundo_ceniza,,,"{""flags_all"": [""ogro_es_princesa""]}","Tirás ESPEJO QUE MIENTE al portal. Todo es brasas, ceniza y viento caliente.<br><br>La princesa-ogro entra con protocolo y te presenta como su consejero. Terminás con título nobiliario. **Badge** real."
portal,,,,,,,espejo_que_miente,final_bueno,final__espejo_que_miente__con_ogro__mundo_ceniza,,,"{""estado_ogro"": ""amigo""}","Tirás ESPEJO QUE MIENTE al portal. Todo es brasas, ceniza y viento caliente.<br><br>Con el ogro de tu lado, todo se vuelve más fácil (y más ruidoso). Llegan a destino. Ending badgeable."
portal,,,,,,,espejo_que_miente,final_malo,final__espejo_que_miente__sin_ogro__mundo_ceniza,,,,"Tirás ESPEJO QUE MIENTE al portal. Todo es brasas, ceniza y viento caliente.<br><br>Sin ogro, el mundo te mide. A veces sobrevivís, a veces no. Ending badgeable."
portal,,,,,,,espejo_roto,final_especial,final__espejo_roto__ogro_pez__mundo_reflejo,,,"{""flags_all"": [""ogro_es_pez""]}",Tirás ESPEJO ROTO al portal. Tu reflejo aparece con opiniones no solicitadas.<br><br>Tu ogro-pez te lleva como montura real. Los tritones te coronan por asociación. **Badge** probable.
portal,,,,,,,espejo_roto,final_especial,final__espejo_roto__ogro_princesa__mundo_reflejo,,,"{""flags_all"": [""ogro_es_princesa""]}",Tirás ESPEJO ROTO al portal. Tu reflejo aparece con opiniones no solicitadas.<br><br>La princesa-ogro entra con protocolo y te presenta como su consejero. Terminás con título nobiliario. **Badge** real.
portal,,,,,,,espejo_roto,final_bueno,final__espejo_roto__con_ogro__mundo_reflejo,,,"{""estado_ogro"": ""amigo""}","Tirás ESPEJO ROTO al portal. Tu reflejo aparece con opiniones no solicitadas.<br><br>Con el ogro de tu lado, todo se vuelve más fácil (y más ruidoso). Llegan a destino. Ending badgeable."
portal,,,,,,,espejo_roto,final_malo,final__espejo_roto__sin_ogro__mundo_reflejo,,,,"Tirás ESPEJO ROTO al portal. Tu reflejo aparece con opiniones no solicitadas.<br><br>Sin ogro, el mundo te mide. A veces sobrevivís, a veces no. Ending badgeable."
portal,,,,,,,fuego,final_especial,final__fuego__ogro_pez__mundo_ceniza,,,"{""flags_all"": [""ogro_es_pez""]}","Tirás FUEGO al portal. Todo es brasas, ceniza y viento caliente.<br><br>Tu ogro-pez te lleva como montura real. Los tritones te coronan por asociación. **Badge** probable."
portal,,,,,,,fuego,final_especial,final__fuego__ogro_princesa__mundo_ceniza,,,"{""flags_all"": [""ogro_es_princesa""]}","Tirás FUEGO al portal. Todo es brasas, ceniza y viento caliente.<br><br>La princesa-ogro entra con protocolo y te presenta como su consejero. Terminás con título nobiliario. **Badge** real."
portal,,,,,,,fuego,final_bueno,final__fuego__con_ogro__mundo_ceniza,,,"{""estado_ogro"": ""amigo""}","Tirás FUEGO al portal. Todo es brasas, ceniza y viento caliente.<br><br>Con el ogro de tu lado, todo se vuelve más fácil (y más ruidoso). Llegan a destino. Ending badgeable."
portal,,,,,,,fuego,final_malo,final__fuego__sin_ogro__mundo_ceniza,,,,"Tirás FUEGO al portal. Todo es brasas, ceniza y viento caliente.<br><br>Sin ogro, el mundo te mide. A veces sobrevivís, a veces no. Ending badgeable."
portal,,,,,,,garrote,final_especial,final__garrote__ogro_pez__mundo_mineral,,,"{""flags_all"": [""ogro_es_pez""]}",Tirás GARROTE al portal. Acá mandan las rocas: gravedad seria y catedrática.<br><br>Tu ogro-pez te lleva como montura real. Los tritones te coronan por asociación. **Badge** probable.
portal,,,,,,,garrote,final_especial,final__garrote__ogro_princesa__mundo_mineral,,,"{""flags_all"": [""ogro_es_princesa""]}",Tirás GARROTE al portal. Acá mandan las rocas: gravedad seria y catedrática.<br><br>La princesa-ogro entra con protocolo y te presenta como su consejero. Terminás con título nobiliario. **Badge** real.
portal,,,,,,,garrote,final_bueno,final__garrote__con_ogro__mundo_mineral,,,"{""estado_ogro"": ""amigo""}","Tirás GARROTE al portal. Acá mandan las rocas: gravedad seria y catedrática.<br><br>Con el ogro de tu lado, todo se vuelve más fácil (y más ruidoso). Llegan a destino. Ending badgeable."
portal,,,,,,,garrote,final_malo,final__garrote__sin_ogro__mundo_mineral,,,,"Tirás GARROTE al portal. Acá mandan las rocas: gravedad seria y catedrática.<br><br>Sin ogro, el mundo te mide. A veces sobrevivís, a veces no. Ending badgeable."
portal,,,,,,,golem_de_barro,final_especial,final__golem_de_barro__ogro_pez__mundo_acuatico,,,"{""flags_all"": [""ogro_es_pez""]}","Tirás GOLEM DE BARRO al portal. El mundo se vuelve océano, corrientes y burbujas.<br><br>Tu ogro-pez te lleva como montura real. Los tritones te coronan por asociación. **Badge** probable."
portal,,,,,,,golem_de_barro,final_especial,final__golem_de_barro__ogro_princesa__mundo_acuatico,,,"{""flags_all"": [""ogro_es_princesa""]}","Tirás GOLEM DE BARRO al portal. El mundo se vuelve océano, corrientes y burbujas.<br><br>La princesa-ogro entra con protocolo y te presenta como su consejero. Terminás con título nobiliario. **Badge** real."
portal,,,,,,,golem_de_barro,final_bueno,final__golem_de_barro__con_ogro__mundo_acuatico,,,"{""estado_ogro"": ""amigo""}","Tirás GOLEM DE BARRO al portal. El mundo se vuelve océano, corrientes y burbujas.<br><br>Con el ogro de tu lado, todo se vuelve más fácil (y más ruidoso). Llegan a destino. Ending badgeable."
portal,,,,,,,golem_de_barro,final_malo,final__golem_de_barro__sin_ogro__mundo_acuatico,,,,"Tirás GOLEM DE BARRO al portal. El mundo se vuelve océano, corrientes y burbujas.<br><br>Sin ogro, el mundo te mide. A veces sobrevivís, a veces no. Ending badgeable."
portal,,,,,,,hechizo_bola_de_fuego,final_especial,final__hechizo_bola_de_fuego__ogro_pez__mundo_ceniza,,,"{""flags_all"": [""ogro_es_pez""]}","Tirás HECHIZO: BOLA DE FUEGO al portal. Todo es brasas, ceniza y viento caliente.<br><br>Tu ogro-pez te lleva como montura real. Los tritones te coronan por asociación. **Badge** probable."
portal,,,,,,,hechizo_bola_de_fuego,final_especial,final__hechizo_bola_de_fuego__ogro_princesa__mundo_ceniza,,,"{""flags_all"": [""ogro_es_princesa""]}","Tirás HECHIZO: BOLA DE FUEGO al portal. Todo es brasas, ceniza y viento caliente.<br><br>La princesa-ogro entra con protocolo y te presenta como su consejero. Terminás con título nobiliario. **Badge** real."
portal,,,,,,,hechizo_bola_de_fuego,final_bueno,final__hechizo_bola_de_fuego__con_ogro__mundo_ceniza,,,"{""estado_ogro"": ""amigo""}","Tirás HECHIZO: BOLA DE FUEGO al portal. Todo es brasas, ceniza y viento caliente.<br><br>Con el ogro de tu lado, todo se vuelve más fácil (y más ruidoso). Llegan a destino. Ending badgeable."
portal,,,,,,,hechizo_bola_de_fuego,final_malo,final__hechizo_bola_de_fuego__sin_ogro__mundo_ceniza,,,,"Tirás HECHIZO: BOLA DE FUEGO al portal. Todo es brasas, ceniza y viento caliente.<br><br>Sin ogro, el mundo te mide. A veces sobrevivís, a veces no. Ending badgeable."
portal,,,,,,,hechizo_choque,final_especial,final__hechizo_choque__ogro_pez__mundo_acuatico,,,"{""flags_all"": [""ogro_es_pez""]}","Tirás HECHIZO: CHOQUE al portal. El mundo se vuelve océano, corrientes y burbujas.<br><br>Tu ogro-pez te lleva como montura real. Los tritones te coronan por asociación. **Badge** probable."
portal,,,,,,,hechizo_choque,final_especial,final__hechizo_choque__ogro_princesa__mundo_acuatico,,,"{""flags_all"": [""ogro_es_princesa""]}","Tirás HECHIZO: CHOQUE al portal. El mundo se vuelve océano, corrientes y burbujas.<br><br>La princesa-ogro entra con protocolo y te presenta como su consejero. Terminás con título nobiliario. **Badge** real."
portal,,,,,,,hechizo_choque,final_bueno,final__hechizo_choque__con_ogro__mundo_acuatico,,,"{""estado_ogro"": ""amigo""}","Tirás HECHIZO: CHOQUE al portal. El mundo se vuelve océano, corrientes y burbujas.<br><br>Con el ogro de tu lado, todo se vuelve más fácil (y más ruidoso). Llegan a destino. Ending badgeable."
portal,,,,,,,hechizo_choque,final_malo,final__hechizo_choque__sin_ogro__mundo_acuatico,,,,"Tirás HECHIZO: CHOQUE al portal. El mundo se vuelve océano, corrientes y burbujas.<br><br>Sin ogro, el mundo te mide. A veces sobrevivís, a veces no. Ending badgeable."
portal,,,,,,,hechizo_convertir_en_pez,final_especial,final__hechizo_convertir_en_pez__ogro_pez__mundo_arcano,,,"{""flags_all"": [""ogro_es_pez""]}","Tirás HECHIZO: CONVERTIR EN PEZ al portal. Un lugar arcano aparece: libros, runas y peligros educados.<br><br>Tu ogro-pez te lleva como montura real. Los tritones te coronan por asociación. **Badge** probable."
portal,,,,,,,hechizo_convertir_en_pez,final_especial,final__hechizo_convertir_en_pez__ogro_princesa__mundo_arcano,,,"{""flags_all"": [""ogro_es_princesa""]}","Tirás HECHIZO: CONVERTIR EN PEZ al portal. Un lugar arcano aparece: libros, runas y peligros educados.<br><br>La princesa-ogro entra con protocolo y te presenta como su consejero. Terminás con título nobiliario. **Badge** real."
portal,,,,,,,hechizo_convertir_en_pez,final_bueno,final__hechizo_convertir_en_pez__con_ogro__mundo_arcano,,,"{""estado_ogro"": ""amigo""}","Tirás HECHIZO: CONVERTIR EN PEZ al portal. Un lugar arcano aparece: libros, runas y peligros educados.<br><br>Con el ogro de tu lado, todo se vuelve más fácil (y más ruidoso). Llegan a destino. Ending badgeable."
portal,,,,,,,hechizo_convertir_en_pez,final_malo,final__hechizo_convertir_en_pez__sin_ogro__mundo_arcano,,,,"Tirás HECHIZO: CONVERTIR EN PEZ al portal. Un lugar arcano aparece: libros, runas y peligros educados.<br><br>Sin ogro, el mundo te mide. A veces sobrevivís, a veces no. Ending badgeable."
portal,,,,,,,hechizo_invocar_marea,final_especial,final__hechizo_invocar_marea__ogro_pez__mundo_acuatico,,,"{""flags_all"": [""ogro_es_pez""]}","Tirás HECHIZO: INVOCAR MAREA al portal. El mundo se vuelve océano, corrientes y burbujas.<br><br>Tu ogro-pez te lleva como montura real. Los tritones te coronan por asociación. **Badge** probable."
portal,,,,,,,hechizo_invocar_marea,final_especial,final__hechizo_invocar_marea__ogro_princesa__mundo_acuatico,,,"{""flags_all"": [""ogro_es_princesa""]}","Tirás HECHIZO: INVOCAR MAREA al portal. El mundo se vuelve océano, corrientes y burbujas.<br><br>La princesa-ogro entra con protocolo y te presenta como su consejero. Terminás con título nobiliario. **Badge** real."
portal,,,,,,,hechizo_invocar_marea,final_bueno,final__hechizo_invocar_marea__con_ogro__mundo_acuatico,,,"{""estado_ogro"": ""amigo""}","Tirás HECHIZO: INVOCAR MAREA al portal. El mundo se vuelve océano, corrientes y burbujas.<br><br>Con el ogro de tu lado, todo se vuelve más fácil (y más ruidoso). Llegan a destino. Ending badgeable."
portal,,,,,,,hechizo_invocar_marea,final_malo,final__hechizo_invocar_marea__sin_ogro__mundo_acuatico,,,,"Tirás HECHIZO: INVOCAR MAREA al portal. El mundo se vuelve océano, corrientes y burbujas.<br><br>Sin ogro, el mundo te mide. A veces sobrevivís, a veces no. Ending badgeable."
portal,,,,,,,hechizo_llama_azul,final_especial,final__hechizo_llama_azul__ogro_pez__mundo_ceniza,,,"{""flags_all"": [""ogro_es_pez""]}","Tirás HECHIZO: LLAMA AZUL al portal. Todo es brasas, ceniza y viento caliente.<br><br>Tu ogro-pez te lleva como montura real. Los tritones te coronan por asociación. **Badge** probable."
portal,,,,,,,hechizo_llama_azul,final_especial,final__hechizo_llama_azul__ogro_princesa__mundo_ceniza,,,"{""flags_all"": [""ogro_es_princesa""]}","Tirás HECHIZO: LLAMA AZUL al portal. Todo es brasas, ceniza y viento caliente.<br><br>La princesa-ogro entra con protocolo y te presenta como su consejero. Terminás con título nobiliario. **Badge** real."
portal,,,,,,,hechizo_llama_azul,final_bueno,final__hechizo_llama_azul__con_ogro__mundo_ceniza,,,"{""estado_ogro"": ""amigo""}","Tirás HECHIZO: LLAMA AZUL al portal. Todo es brasas, ceniza y viento caliente.<br><br>Con el ogro de tu lado, todo se vuelve más fácil (y más ruidoso). Llegan a destino. Ending badgeable."
portal,,,,,,,hechizo_llama_azul,final_malo,final__hechizo_llama_azul__sin_ogro__mundo_ceniza,,,,"Tirás HECHIZO: LLAMA AZUL al portal. Todo es brasas, ceniza y viento caliente.<br><br>Sin ogro, el mundo te mide. A veces sobrevivís, a veces no. Ending badgeable."
portal,,,,,,,hechizo_lluvia,final_especial,final__hechizo_lluvia__ogro_pez__mundo_acuatico,,,"{""flags_all"": [""ogro_es_pez""]}","Tirás HECHIZO: LLUVIA al portal. El mundo se vuelve océano, corrientes y burbujas.<br><br>Tu ogro-pez te lleva como montura real. Los tritones te coronan por asociación. **Badge** probable."
portal,,,,,,,hechizo_lluvia,final_especial,final__hechizo_lluvia__ogro_princesa__mundo_acuatico,,,"{""flags_all"": [""ogro_es_princesa""]}","Tirás HECHIZO: LLUVIA al portal. El mundo se vuelve océano, corrientes y burbujas.<br><br>La princesa-ogro entra con protocolo y te presenta como su consejero. Terminás con título nobiliario. **Badge** real."
portal,,,,,,,hechizo_lluvia,final_bueno,final__hechizo_lluvia__con_ogro__mundo_acuatico,,,"{""estado_ogro"": ""amigo""}","Tirás HECHIZO: LLUVIA al portal. El mundo se vuelve océano, corrientes y burbujas.<br><br>Con el ogro de tu lado, todo se vuelve más fácil (y más ruidoso). Llegan a destino. Ending badgeable."
portal,,,,,,,hechizo_lluvia,final_malo,final__hechizo_lluvia__sin_ogro__mundo_acuatico,,,,"Tirás HECHIZO: LLUVIA al portal. El mundo se vuelve océano, corrientes y burbujas.<br><br>Sin ogro, el mundo te mide. A veces sobrevivís, a veces no. Ending badgeable."
portal,,,,,,,hechizo_piel_de_piedra,final_especial,final__hechizo_piel_de_piedra__ogro_pez__mundo_arcano,,,"{""flags_all"": [""ogro_es_pez""]}","Tirás HECHIZO: PIEL DE PIEDRA al portal. Un lugar arcano aparece: libros, runas y peligros educados.<br><br>Tu ogro-pez te lleva como montura real. Los tritones te coronan por asociación. **Badge** probable."
portal,,,,,,,hechizo_piel_de_piedra,final_especial,final__hechizo_piel_de_piedra__ogro_princesa__mundo_arcano,,,"{""flags_all"": [""ogro_es_princesa""]}","Tirás HECHIZO: PIEL DE PIEDRA al portal. Un lugar arcano aparece: libros, runas y peligros educados.<br><br>La princesa-ogro entra con protocolo y te presenta como su consejero. Terminás con título nobiliario. **Badge** real."
portal,,,,,,,hechizo_piel_de_piedra,final_bueno,final__hechizo_piel_de_piedra__con_ogro__mundo_arcano,,,"{""estado_ogro"": ""amigo""}","Tirás HECHIZO: PIEL DE PIEDRA al portal. Un lugar arcano aparece: libros, runas y peligros educados.<br><br>Con el ogro de tu lado, todo se vuelve más fácil (y más ruidoso). Llegan a destino. Ending badgeable."
portal,,,,,,,hechizo_piel_de_piedra,final_malo,final__hechizo_piel_de_piedra__sin_ogro__mundo_arcano,,,,"Tirás HECHIZO: PIEL DE PIEDRA al portal. Un lugar arcano aparece: libros, runas y peligros educados.<br><br>Sin ogro, el mundo te mide. A veces sobrevivís, a veces no. Ending badgeable."
portal,,,,,,,hechizo_sentencia,final_especial,final__hechizo_sentencia__ogro_pez__mundo_arcano,,,"{""flags_all"": [""ogro_es_pez""]}","Tirás HECHIZO: SENTENCIA al portal. Un lugar arcano aparece: libros, runas y peligros educados.<br><br>Tu ogro-pez te lleva como montura real. Los tritones te coronan por asociación. **Badge** probable."
portal,,,,,,,hechizo_sentencia,final_especial,final__hechizo_sentencia__ogro_princesa__mundo_arcano,,,"{""flags_all"": [""ogro_es_princesa""]}","Tirás HECHIZO: SENTENCIA al portal. Un lugar arcano aparece: libros, runas y peligros educados.<br><br>La princesa-ogro entra con protocolo y te presenta como su consejero. Terminás con título nobiliario. **Badge** real."
portal,,,,,,,hechizo_sentencia,final_bueno,final__hechizo_sentencia__con_ogro__mundo_arcano,,,"{""estado_ogro"": ""amigo""}","Tirás HECHIZO: SENTENCIA al portal. Un lugar arcano aparece: libros, runas y peligros educados.<br><br>Con el ogro de tu lado, todo se vuelve más fácil (y más ruidoso). Llegan a destino. Ending badgeable."
portal,,,,,,,hechizo_sentencia,final_malo,final__hechizo_sentencia__sin_ogro__mundo_arcano,,,,"Tirás HECHIZO: SENTENCIA al portal. Un lugar arcano aparece: libros, runas y peligros educados.<br><br>Sin ogro, el mundo te mide. A veces sobrevivís, a veces no. Ending badgeable."
portal,,,,,,,hechizo_transmutar,final_especial,final__hechizo_transmutar__ogro_pez__mundo_arcano,,,"{""flags_all"": [""ogro_es_pez""]}","Tirás HECHIZO: TRANSMUTAR al portal. Un lugar arcano aparece: libros, runas y peligros educados.<br><br>Tu ogro-pez te lleva como montura real. Los tritones te coronan por asociación. **Badge** probable."
portal,,,,,,,hechizo_transmutar,final_especial,final__hechizo_transmutar__ogro_princesa__mundo_arcano,,,"{""flags_all"": [""ogro_es_princesa""]}","Tirás HECHIZO: TRANSMUTAR al portal. Un lugar arcano aparece: libros, runas y peligros educados.<br><br>La princesa-ogro entra con protocolo y te presenta como su consejero. Terminás con título nobiliario. **Badge** real."
portal,,,,,,,hechizo_transmutar,final_bueno,final__hechizo_transmutar__con_ogro__mundo_arcano,,,"{""estado_ogro"": ""amigo""}","Tirás HECHIZO: TRANSMUTAR al portal. Un lugar arcano aparece: libros, runas y peligros educados.<br><br>Con el ogro de tu lado, todo se vuelve más fácil (y más ruidoso). Llegan a destino. Ending badgeable."
portal,,,,,,,hechizo_transmutar,final_malo,final__hechizo_transmutar__sin_ogro__mundo_arcano,,,,"Tirás HECHIZO: TRANSMUTAR al portal. Un lugar arcano aparece: libros, runas y peligros educados.<br><br>Sin ogro, el mundo te mide. A veces sobrevivís, a veces no. Ending badgeable."
portal,,,,,,,ladrillo,final_especial,final__ladrillo__ogro_pez__mundo_acuatico,,,"{""flags_all"": [""ogro_es_pez""]}","Tirás LADRILLO al portal. El mundo se vuelve océano, corrientes y burbujas.<br><br>Tu ogro-pez te lleva como montura real. Los tritones te coronan por asociación. **Badge** probable."
portal,,,,,,,ladrillo,final_especial,final__ladrillo__ogro_princesa__mundo_acuatico,,,"{""flags_all"": [""ogro_es_princesa""]}","Tirás LADRILLO al portal. El mundo se vuelve océano, corrientes y burbujas.<br><br>La princesa-ogro entra con protocolo y te presenta como su consejero. Terminás con título nobiliario. **Badge** real."
portal,,,,,,,ladrillo,final_bueno,final__ladrillo__con_ogro__mundo_acuatico,,,"{""estado_ogro"": ""amigo""}","Tirás LADRILLO al portal. El mundo se vuelve océano, corrientes y burbujas.<br><br>Con el ogro de tu lado, todo se vuelve más fácil (y más ruidoso). Llegan a destino. Ending badgeable."
portal,,,,,,,ladrillo,final_malo,final__ladrillo__sin_ogro__mundo_acuatico,,,,"Tirás LADRILLO al portal. El mundo se vuelve océano, corrientes y burbujas.<br><br>Sin ogro, el mundo te mide. A veces sobrevivís, a veces no. Ending badgeable."
portal,,,,,,,lanzallamas,final_especial,final__lanzallamas__ogro_pez__mundo_ceniza,,,"{""flags_all"": [""ogro_es_pez""]}","Tirás LANZALLAMAS al portal. Todo es brasas, ceniza y viento caliente.<br><br>Tu ogro-pez te lleva como montura real. Los tritones te coronan por asociación. **Badge** probable."
portal,,,,,,,lanzallamas,final_especial,final__lanzallamas__ogro_princesa__mundo_ceniza,,,"{""flags_all"": [""ogro_es_princesa""]}","Tirás LANZALLAMAS al portal. Todo es brasas, ceniza y viento caliente.<br><br>La princesa-ogro entra con protocolo y te presenta como su consejero. Terminás con título nobiliario. **Badge** real."
portal,,,,,,,lanzallamas,final_bueno,final__lanzallamas__con_ogro__mundo_ceniza,,,"{""estado_ogro"": ""amigo""}","Tirás LANZALLAMAS al portal. Todo es brasas, ceniza y viento caliente.<br><br>Con el ogro de tu lado, todo se vuelve más fácil (y más ruidoso). Llegan a destino. Ending badgeable."
portal,,,,,,,lanzallamas,final_malo,final__lanzallamas__sin_ogro__mundo_ceniza,,,,"Tirás LANZALLAMAS al portal. Todo es brasas, ceniza y viento caliente.<br><br>Sin ogro, el mundo te mide. A veces sobrevivís, a veces no. Ending badgeable."
portal,,,,,,,lanzantorchas,final_especial,final__lanzantorchas__ogro_pez__mundo_ceniza,,,"{""flags_all"": [""ogro_es_pez""]}","Tirás LANZANTORCHAS al portal. Todo es brasas, ceniza y viento caliente.<br><br>Tu ogro-pez te lleva como montura real. Los tritones te coronan por asociación. **Badge** probable."
portal,,,,,,,lanzantorchas,final_especial,final__lanzantorchas__ogro_princesa__mundo_ceniza,,,"{""flags_all"": [""ogro_es_princesa""]}","Tirás LANZANTORCHAS al portal. Todo es brasas, ceniza y viento caliente.<br><br>La princesa-ogro entra con protocolo y te presenta como su consejero. Terminás con título nobiliario. **Badge** real."
portal,,,,,,,lanzantorchas,final_bueno,final__lanzantorchas__con_ogro__mundo_ceniza,,,"{""estado_ogro"": ""amigo""}","Tirás LANZANTORCHAS al portal. Todo es brasas, ceniza y viento caliente.<br><br>Con el ogro de tu lado, todo se vuelve más fácil (y más ruidoso). Llegan a destino. Ending badgeable."
portal,,,,,,,lanzantorchas,final_malo,final__lanzantorchas__sin_ogro__mundo_ceniza,,,,"Tirás LANZANTORCHAS al portal. Todo es brasas, ceniza y viento caliente.<br><br>Sin ogro, el mundo te mide. A veces sobrevivís, a veces no. Ending badgeable."
portal,,,,,,,lazo,final_especial,final__lazo__ogro_pez__mundo_vertical,,,"{""flags_all"": [""ogro_es_pez""]}",Tirás LAZO al portal. Una ciudad vertical sin escaleras exige nudos y coraje.<br><br>Tu ogro-pez te lleva como montura real. Los tritones te coronan por asociación. **Badge** probable.
portal,,,,,,,lazo,final_especial,final__lazo__ogro_princesa__mundo_vertical,,,"{""flags_all"": [""ogro_es_princesa""]}",Tirás LAZO al portal. Una ciudad vertical sin escaleras exige nudos y coraje.<br><br>La princesa-ogro entra con protocolo y te presenta como su consejero. Terminás con título nobiliario. **Badge** real.
portal,,,,,,,lazo,final_bueno,final__lazo__con_ogro__mundo_vertical,,,"{""estado_ogro"": ""amigo""}","Tirás LAZO al portal. Una ciudad vertical sin escaleras exige nudos y coraje.<br><br>Con el ogro de tu lado, todo se vuelve más fácil (y más ruidoso). Llegan a destino. Ending badgeable."
portal,,,,,,,lazo,final_malo,final__lazo__sin_ogro__mundo_vertical,,,,"Tirás LAZO al portal. Una ciudad vertical sin escaleras exige nudos y coraje.<br><br>Sin ogro, el mundo te mide. A veces sobrevivís, a veces no. Ending badgeable."
portal,,,,,,,lingote_de_oro,final_especial,final__lingote_de_oro__ogro_pez__mundo_ceniza,,,"{""flags_all"": [""ogro_es_pez""]}","Tirás LINGOTE DE ORO al portal. Todo es brasas, ceniza y viento caliente.<br><br>Tu ogro-pez te lleva como montura real. Los tritones te coronan por asociación. **Badge** probable."
portal,,,,,,,lingote_de_oro,final_especial,final__lingote_de_oro__ogro_princesa__mundo_ceniza,,,"{""flags_all"": [""ogro_es_princesa""]}","Tirás LINGOTE DE ORO al portal. Todo es brasas, ceniza y viento caliente.<br><br>La princesa-ogro entra con protocolo y te presenta como su consejero. Terminás con título nobiliario. **Badge** real."
portal,,,,,,,lingote_de_oro,final_bueno,final__lingote_de_oro__con_ogro__mundo_ceniza,,,"{""estado_ogro"": ""amigo""}","Tirás LINGOTE DE ORO al portal. Todo es brasas, ceniza y viento caliente.<br><br>Con el ogro de tu lado, todo se vuelve más fácil (y más ruidoso). Llegan a destino. Ending badgeable."
portal,,,,,,,lingote_de_oro,final_malo,final__lingote_de_oro__sin_ogro__mundo_ceniza,,,,"Tirás LINGOTE DE ORO al portal. Todo es brasas, ceniza y viento caliente.<br><br>Sin ogro, el mundo te mide. A veces sobrevivís, a veces no. Ending badgeable."
portal,,,,,,,magia,final_especial,final__magia__ogro_pez__mundo_arcano,,,"{""flags_all"": [""ogro_es_pez""]}","Tirás MAGIA al portal. Un lugar arcano aparece: libros, runas y peligros educados.<br><br>Tu ogro-pez te lleva como montura real. Los tritones te coronan por asociación. **Badge** probable."
portal,,,,,,,magia,final_especial,final__magia__ogro_princesa__mundo_arcano,,,"{""flags_all"": [""ogro_es_princesa""]}","Tirás MAGIA al portal. Un lugar arcano aparece: libros, runas y peligros educados.<br><br>La princesa-ogro entra con protocolo y te presenta como su consejero. Terminás con título nobiliario. **Badge** real."
portal,,,,,,,magia,final_bueno,final__magia__con_ogro__mundo_arcano,,,"{""estado_ogro"": ""amigo""}","Tirás MAGIA al portal. Un lugar arcano aparece: libros, runas y peligros educados.<br><br>Con el ogro de tu lado, todo se vuelve más fácil (y más ruidoso). Llegan a destino. Ending badgeable."
portal,,,,,,,magia,final_malo,final__magia__sin_ogro__mundo_arcano,,,,"Tirás MAGIA al portal. Un lugar arcano aparece: libros, runas y peligros educados.<br><br>Sin ogro, el mundo te mide. A veces sobrevivís, a veces no. Ending badgeable."
portal,,,,,,,mangual,final_especial,final__mangual__ogro_pez__mundo_vertical,,,"{""flags_all"": [""ogro_es_pez""]}",Tirás MANGUAL al portal. Una ciudad vertical sin escaleras exige nudos y coraje.<br><br>Tu ogro-pez te lleva como montura real. Los tritones te coronan por asociación. **Badge** probable.
portal,,,,,,,mangual,final_especial,final__mangual__ogro_princesa__mundo_vertical,,,"{""flags_all"": [""ogro_es_princesa""]}",Tirás MANGUAL al portal. Una ciudad vertical sin escaleras exige nudos y coraje.<br><br>La princesa-ogro entra con protocolo y te presenta como su consejero. Terminás con título nobiliario. **Badge** real.
portal,,,,,,,mangual,final_bueno,final__mangual__con_ogro__mundo_vertical,,,"{""estado_ogro"": ""amigo""}","Tirás MANGUAL al portal. Una ciudad vertical sin escaleras exige nudos y coraje.<br><br>Con el ogro de tu lado, todo se vuelve más fácil (y más ruidoso). Llegan a destino. Ending badgeable."
portal,,,,,,,mangual,final_malo,final__mangual__sin_ogro__mundo_vertical,,,,"Tirás MANGUAL al portal. Una ciudad vertical sin escaleras exige nudos y coraje.<br><br>Sin ogro, el mundo te mide. A veces sobrevivís, a veces no. Ending badgeable."
portal,,,,,,,manto_invisible,final_especial,final__manto_invisible__ogro_pez__mundo_acuatico,,,"{""flags_all"": [""ogro_es_pez""]}","Tirás MANTO INVISIBLE al portal. El mundo se vuelve océano, corrientes y burbujas.<br><br>Tu ogro-pez te lleva como montura real. Los tritones te coronan por asociación. **Badge** probable."
portal,,,,,,,manto_invisible,final_especial,final__manto_invisible__ogro_princesa__mundo_acuatico,,,"{""flags_all"": [""ogro_es_princesa""]}","Tirás MANTO INVISIBLE al portal. El mundo se vuelve océano, corrientes y burbujas.<br><br>La princesa-ogro entra con protocolo y te presenta como su consejero. Terminás con título nobiliario. **Badge** real."
portal,,,,,,,manto_invisible,final_bueno,final__manto_invisible__con_ogro__mundo_acuatico,,,"{""estado_ogro"": ""amigo""}","Tirás MANTO INVISIBLE al portal. El mundo se vuelve océano, corrientes y burbujas.<br><br>Con el ogro de tu lado, todo se vuelve más fácil (y más ruidoso). Llegan a destino. Ending badgeable."
portal,,,,,,,manto_invisible,final_malo,final__manto_invisible__sin_ogro__mundo_acuatico,,,,"Tirás MANTO INVISIBLE al portal. El mundo se vuelve océano, corrientes y burbujas.<br><br>Sin ogro, el mundo te mide. A veces sobrevivís, a veces no. Ending badgeable."
portal,,,,,,,martillo,final_especial,final__martillo__ogro_pez__mundo_acuatico,,,"{""flags_all"": [""ogro_es_pez""]}","Tirás MARTILLO al portal. El mundo se vuelve océano, corrientes y burbujas.<br><br>Tu ogro-pez te lleva como montura real. Los tritones te coronan por asociación. **Badge** probable."
portal,,,,,,,martillo,final_especial,final__martillo__ogro_princesa__mundo_acuatico,,,"{""flags_all"": [""ogro_es_princesa""]}","Tirás MARTILLO al portal. El mundo se vuelve océano, corrientes y burbujas.<br><br>La princesa-ogro entra con protocolo y te presenta como su consejero. Terminás con título nobiliario. **Badge** real."
portal,,,,,,,martillo,final_bueno,final__martillo__con_ogro__mundo_acuatico,,,"{""estado_ogro"": ""amigo""}","Tirás MARTILLO al portal. El mundo se vuelve océano, corrientes y burbujas.<br><br>Con el ogro de tu lado, todo se vuelve más fácil (y más ruidoso). Llegan a destino. Ending badgeable."
portal,,,,,,,martillo,final_malo,final__martillo__sin_ogro__mundo_acuatico,,,,"Tirás MARTILLO al portal. El mundo se vuelve océano, corrientes y burbujas.<br><br>Sin ogro, el mundo te mide. A veces sobrevivís, a veces no. Ending badgeable."
portal,,,,,,,martillo_sagrado,final_especial,final__martillo_sagrado__ogro_pez__mundo_acuatico,,,"{""flags_all"": [""ogro_es_pez""]}","Tirás MARTILLO SAGRADO al portal. El mundo se vuelve océano, corrientes y burbujas.<br><br>Tu ogro-pez te lleva como montura real. Los tritones te coronan por asociación. **Badge** probable."
portal,,,,,,,martillo_sagrado,final_especial,final__martillo_sagrado__ogro_princesa__mundo_acuatico,,,"{""flags_all"": [""ogro_es_princesa""]}","Tirás MARTILLO SAGRADO al portal. El mundo se vuelve océano, corrientes y burbujas.<br><br>La princesa-ogro entra con protocolo y te presenta como su consejero. Terminás con título nobiliario. **Badge** real."
portal,,,,,,,martillo_sagrado,final_bueno,final__martillo_sagrado__con_ogro__mundo_acuatico,,,"{""estado_ogro"": ""amigo""}","Tirás MARTILLO SAGRADO al portal. El mundo se vuelve océano, corrientes y burbujas.<br><br>Con el ogro de tu lado, todo se vuelve más fácil (y más ruidoso). Llegan a destino. Ending badgeable."
portal,,,,,,,martillo_sagrado,final_malo,final__martillo_sagrado__sin_ogro__mundo_acuatico,,,,"Tirás MARTILLO SAGRADO al portal. El mundo se vuelve océano, corrientes y burbujas.<br><br>Sin ogro, el mundo te mide. A veces sobrevivís, a veces no. Ending badgeable."
portal,,,,,,,mascara_de_barro,final_especial,final__mascara_de_barro__ogro_pez__mundo_acuatico,,,"{""flags_all"": [""ogro_es_pez""]}","Tirás MÁSCARA DE BARRO al portal. El mundo se vuelve océano, corrientes y burbujas.<br><br>Tu ogro-pez te lleva como montura real. Los tritones te coronan por asociación. **Badge** probable."
portal,,,,,,,mascara_de_barro,final_especial,final__mascara_de_barro__ogro_princesa__mundo_acuatico,,,"{""flags_all"": [""ogro_es_princesa""]}","Tirás MÁSCARA DE BARRO al portal. El mundo se vuelve océano, corrientes y burbujas.<br><br>La princesa-ogro entra con protocolo y te presenta como su consejero. Terminás con título nobiliario. **Badge** real."
portal,,,,,,,mascara_de_barro,final_bueno,final__mascara_de_barro__con_ogro__mundo_acuatico,,,"{""estado_ogro"": ""amigo""}","Tirás MÁSCARA DE BARRO al portal. El mundo se vuelve océano, corrientes y burbujas.<br><br>Con el ogro de tu lado, todo se vuelve más fácil (y más ruidoso). Llegan a destino. Ending badgeable."
portal,,,,,,,mascara_de_barro,final_malo,final__mascara_de_barro__sin_ogro__mundo_acuatico,,,,"Tirás MÁSCARA DE BARRO al portal. El mundo se vuelve océano, corrientes y burbujas.<br><br>Sin ogro, el mundo te mide. A veces sobrevivís, a veces no. Ending badgeable."
portal,,,,,,,mascara_de_pez,final_especial,final__mascara_de_pez__ogro_pez__mundo_arcano,,,"{""flags_all"": [""ogro_es_pez""]}","Tirás MÁSCARA DE PEZ al portal. Un lugar arcano aparece: libros, runas y peligros educados.<br><br>Tu ogro-pez te lleva como montura real. Los tritones te coronan por asociación. **Badge** probable."
portal,,,,,,,mascara_de_pez,final_especial,final__mascara_de_pez__ogro_princesa__mundo_arcano,,,"{""flags_all"": [""ogro_es_princesa""]}","Tirás MÁSCARA DE PEZ al portal. Un lugar arcano aparece: libros, runas y peligros educados.<br><br>La princesa-ogro entra con protocolo y te presenta como su consejero. Terminás con título nobiliario. **Badge** real."
portal,,,,,,,mascara_de_pez,final_bueno,final__mascara_de_pez__con_ogro__mundo_arcano,,,"{""estado_ogro"": ""amigo""}","Tirás MÁSCARA DE PEZ al portal. Un lugar arcano aparece: libros, runas y peligros educados.<br><br>Con el ogro de tu lado, todo se vuelve más fácil (y más ruidoso). Llegan a destino. Ending badgeable."
portal,,,,,,,mascara_de_pez,final_malo,final__mascara_de_pez__sin_ogro__mundo_arcano,,,,"Tirás MÁSCARA DE PEZ al portal. Un lugar arcano aparece: libros, runas y peligros educados.<br><br>Sin ogro, el mundo te mide. A veces sobrevivís, a veces no. Ending badgeable."
portal,,,,,,,niebla,final_especial,final__niebla__ogro_pez__mundo_acuatico,,,"{""flags_all"": [""ogro_es_pez""]}","Tirás NIEBLA al portal. El mundo se vuelve océano, corrientes y burbujas.<br><br>Tu ogro-pez te lleva como montura real. Los tritones te coronan por asociación. **Badge** probable."
portal,,,,,,,niebla,final_especial,final__niebla__ogro_princesa__mundo_acuatico,,,"{""flags_all"": [""ogro_es_princesa""]}","Tirás NIEBLA al portal. El mundo se vuelve océano, corrientes y burbujas.<br><br>La princesa-ogro entra con protocolo y te presenta como su consejero. Terminás con título nobiliario. **Badge** real."
portal,,,,,,,niebla,final_bueno,final__niebla__con_ogro__mundo_acuatico,,,"{""estado_ogro"": ""amigo""}","Tirás NIEBLA al portal. El mundo se vuelve océano, corrientes y burbujas.<br><br>Con el ogro de tu lado, todo se vuelve más fácil (y más ruidoso). Llegan a destino. Ending badgeable."
portal,,,,,,,niebla,final_malo,final__niebla__sin_ogro__mundo_acuatico,,,,"Tirás NIEBLA al portal. El mundo se vuelve océano, corrientes y burbujas.<br><br>Sin ogro, el mundo te mide. A veces sobrevivís, a veces no. Ending badgeable."
portal,,,,,,,niebla_encantada,final_especial,final__niebla_encantada__ogro_pez__mundo_acuatico,,,"{""flags_all"": [""ogro_es_pez""]}","Tirás NIEBLA ENCANTADA al portal. El mundo se vuelve océano, corrientes y burbujas.<br><br>Tu ogro-pez te lleva como montura real. Los tritones te coronan por asociación. **Badge** probable."
portal,,,,,,,niebla_encantada,final_especial,final__niebla_encantada__ogro_princesa__mundo_acuatico,,,"{""flags_all"": [""ogro_es_princesa""]}","Tirás NIEBLA ENCANTADA al portal. El mundo se vuelve océano, corrientes y burbujas.<br><br>La princesa-ogro entra con protocolo y te presenta como su consejero. Terminás con título nobiliario. **Badge** real."
portal,,,,,,,niebla_encantada,final_bueno,final__niebla_encantada__con_ogro__mundo_acuatico,,,"{""estado_ogro"": ""amigo""}","Tirás NIEBLA ENCANTADA al portal. El mundo se vuelve océano, corrientes y burbujas.<br><br>Con el ogro de tu lado, todo se vuelve más fácil (y más ruidoso). Llegan a destino. Ending badgeable."
portal,,,,,,,niebla_encantada,final_malo,final__niebla_encantada__sin_ogro__mundo_acuatico,,,,"Tirás NIEBLA ENCANTADA al portal. El mundo se vuelve océano, corrientes y burbujas.<br><br>Sin ogro, el mundo te mide. A veces sobrevivís, a veces no. Ending badgeable."
portal,,,,,,,ojo_que_todo_lo_ve,final_especial,final__ojo_que_todo_lo_ve__ogro_pez__mundo_arcano,,,"{""flags_all"": [""ogro_es_pez""]}","Tirás OJO QUE TODO LO VE al portal. Un lugar arcano aparece: libros, runas y peligros educados.<br><br>Tu ogro-pez te lleva como montura real. Los tritones te coronan por asociación. **Badge** probable."
portal,,,,,,,ojo_que_todo_lo_ve,final_especial,final__ojo_que_todo_lo_ve__ogro_princesa__mundo_arcano,,,"{""flags_all"": [""ogro_es_princesa""]}","Tirás OJO QUE TODO LO VE al portal. Un lugar arcano aparece: libros, runas y peligros educados.<br><br>La princesa-ogro entra con protocolo y te presenta como su consejero. Terminás con título nobiliario. **Badge** real."
portal,,,,,,,ojo_que_todo_lo_ve,final_bueno,final__ojo_que_todo_lo_ve__con_ogro__mundo_arcano,,,"{""estado_ogro"": ""amigo""}","Tirás OJO QUE TODO LO VE al portal. Un lugar arcano aparece: libros, runas y peligros educados.<br><br>Con el ogro de tu lado, todo se vuelve más fácil (y más ruidoso). Llegan a destino. Ending badgeable."
portal,,,,,,,ojo_que_todo_lo_ve,final_malo,final__ojo_que_todo_lo_ve__sin_ogro__mundo_arcano,,,,"Tirás OJO QUE TODO LO VE al portal. Un lugar arcano aparece: libros, runas y peligros educados.<br><br>Sin ogro, el mundo te mide. A veces sobrevivís, a veces no. Ending badgeable."
portal,,,,,,,oro_liquido,final_especial,final__oro_liquido__ogro_pez__mundo_acuatico,,,"{""flags_all"": [""ogro_es_pez""]}","Tirás ORO LÍQUIDO al portal. El mundo se vuelve océano, corrientes y burbujas.<br><br>Tu ogro-pez te lleva como montura real. Los tritones te coronan por asociación. **Badge** probable."
portal,,,,,,,oro_liquido,final_especial,final__oro_liquido__ogro_princesa__mundo_acuatico,,,"{""flags_all"": [""ogro_es_princesa""]}","Tirás ORO LÍQUIDO al portal. El mundo se vuelve océano, corrientes y burbujas.<br><br>La princesa-ogro entra con protocolo y te presenta como su consejero. Terminás con título nobiliario. **Badge** real."
portal,,,,,,,oro_liquido,final_bueno,final__oro_liquido__con_ogro__mundo_acuatico,,,"{""estado_ogro"": ""amigo""}","Tirás ORO LÍQUIDO al portal. El mundo se vuelve océano, corrientes y burbujas.<br><br>Con el ogro de tu lado, todo se vuelve más fácil (y más ruidoso). Llegan a destino. Ending badgeable."
portal,,,,,,,oro_liquido,final_malo,final__oro_liquido__sin_ogro__mundo_acuatico,,,,"Tirás ORO LÍQUIDO al portal. El mundo se vuelve océano, corrientes y burbujas.<br><br>Sin ogro, el mundo te mide. A veces sobrevivís, a veces no. Ending badgeable."
portal,,,,,,,palo,final_especial,final__palo__ogro_pez__mundo_bosque,,,"{""flags_all"": [""ogro_es_pez""]}",Tirás PALO al portal. Un bosque vivo te evalúa como si fueras carpintería ambulante.<br><br>Tu ogro-pez te lleva como montura real. Los tritones te coronan por asociación. **Badge** probable.
portal,,,,,,,palo,final_especial,final__palo__ogro_princesa__mundo_bosque,,,"{""flags_all"": [""ogro_es_princesa""]}",Tirás PALO al portal. Un bosque vivo te evalúa como si fueras carpintería ambulante.<br><br>La princesa-ogro entra con protocolo y te presenta como su consejero. Terminás con título nobiliario. **Badge** real.
portal,,,,,,,palo,final_bueno,final__palo__con_ogro__mundo_bosque,,,"{""estado_ogro"": ""amigo""}","Tirás PALO al portal. Un bosque vivo te evalúa como si fueras carpintería ambulante.<br><br>Con el ogro de tu lado, todo se vuelve más fácil (y más ruidoso). Llegan a destino. Ending badgeable."
portal,,,,,,,palo,final_malo,final__palo__sin_ogro__mundo_bosque,,,,"Tirás PALO al portal. Un bosque vivo te evalúa como si fueras carpintería ambulante.<br><br>Sin ogro, el mundo te mide. A veces sobrevivís, a veces no. Ending badgeable."
portal,,,,,,,palo_mojado,final_especial,final__palo_mojado__ogro_pez__mundo_acuatico,,,"{""flags_all"": [""ogro_es_pez""]}","Tirás PALO MOJADO al portal. El mundo se vuelve océano, corrientes y burbujas.<br><br>Tu ogro-pez te lleva como montura real. Los tritones te coronan por asociación. **Badge** probable."
portal,,,,,,,palo_mojado,final_especial,final__palo_mojado__ogro_princesa__mundo_acuatico,,,"{""flags_all"": [""ogro_es_princesa""]}","Tirás PALO MOJADO al portal. El mundo se vuelve océano, corrientes y burbujas.<br><br>La princesa-ogro entra con protocolo y te presenta como su consejero. Terminás con título nobiliario. **Badge** real."
portal,,,,,,,palo_mojado,final_bueno,final__palo_mojado__con_ogro__mundo_acuatico,,,"{""estado_ogro"": ""amigo""}","Tirás PALO MOJADO al portal. El mundo se vuelve océano, corrientes y burbujas.<br><br>Con el ogro de tu lado, todo se vuelve más fácil (y más ruidoso). Llegan a destino. Ending badgeable."
portal,,,,,,,palo_mojado,final_malo,final__palo_mojado__sin_ogro__mundo_acuatico,,,,"Tirás PALO MOJADO al portal. El mundo se vuelve océano, corrientes y burbujas.<br><br>Sin ogro, el mundo te mide. A veces sobrevivís, a veces no. Ending badgeable."
portal,,,,,,,pararrayos_portatil,final_especial,final__pararrayos_portatil__ogro_pez__mundo_acuatico,,,"{""flags_all"": [""ogro_es_pez""]}","Tirás PARARRAYOS PORTÁTIL al portal. El mundo se vuelve océano, corrientes y burbujas.<br><br>Tu ogro-pez te lleva como montura real. Los tritones te coronan por asociación. **Badge** probable."
portal,,,,,,,pararrayos_portatil,final_especial,final__pararrayos_portatil__ogro_princesa__mundo_acuatico,,,"{""flags_all"": [""ogro_es_princesa""]}","Tirás PARARRAYOS PORTÁTIL al portal. El mundo se vuelve océano, corrientes y burbujas.<br><br>La princesa-ogro entra con protocolo y te presenta como su consejero. Terminás con título nobiliario. **Badge** real."
portal,,,,,,,pararrayos_portatil,final_bueno,final__pararrayos_portatil__con_ogro__mundo_acuatico,,,"{""estado_ogro"": ""amigo""}","Tirás PARARRAYOS PORTÁTIL al portal. El mundo se vuelve océano, corrientes y burbujas.<br><br>Con el ogro de tu lado, todo se vuelve más fácil (y más ruidoso). Llegan a destino. Ending badgeable."
portal,,,,,,,pararrayos_portatil,final_malo,final__pararrayos_portatil__sin_ogro__mundo_acuatico,,,,"Tirás PARARRAYOS PORTÁTIL al portal. El mundo se vuelve océano, corrientes y burbujas.<br><br>Sin ogro, el mundo te mide. A veces sobrevivís, a veces no. Ending badgeable."
portal,,,,,,,periscopio,final_especial,final__periscopio__ogro_pez__mundo_reflejo,,,"{""flags_all"": [""ogro_es_pez""]}",Tirás PERISCOPIO al portal. Tu reflejo aparece con opiniones no solicitadas.<br><br>Tu ogro-pez te lleva como montura real. Los tritones te coronan por asociación. **Badge** probable.
portal,,,,,,,periscopio,final_especial,final__periscopio__ogro_princesa__mundo_reflejo,,,"{""flags_all"": [""ogro_es_princesa""]}",Tirás PERISCOPIO al portal. Tu reflejo aparece con opiniones no solicitadas.<br><br>La princesa-ogro entra con protocolo y te presenta como su consejero. Terminás con título nobiliario. **Badge** real.
portal,,,,,,,periscopio,final_bueno,final__periscopio__con_ogro__mundo_reflejo,,,"{""estado_ogro"": ""amigo""}","Tirás PERISCOPIO al portal. Tu reflejo aparece con opiniones no solicitadas.<br><br>Con el ogro de tu lado, todo se vuelve más fácil (y más ruidoso). Llegan a destino. Ending badgeable."
portal,,,,,,,periscopio,final_malo,final__periscopio__sin_ogro__mundo_reflejo,,,,"Tirás PERISCOPIO al portal. Tu reflejo aparece con opiniones no solicitadas.<br><br>Sin ogro, el mundo te mide. A veces sobrevivís, a veces no. Ending badgeable."
portal,,,,,,,pescado,final_especial,final__pescado__ogro_pez__mundo_mercado_marino,,,"{""flags_all"": [""ogro_es_pez""]}",Tirás PESCADO al portal. Un mercado marino interdimensional intenta venderte algo raro.<br><br>Tu ogro-pez te lleva como montura real. Los tritones te coronan por asociación. **Badge** probable.
portal,,,,,,,pescado,final_especial,final__pescado__ogro_princesa__mundo_mercado_marino,,,"{""flags_all"": [""ogro_es_princesa""]}",Tirás PESCADO al portal. Un mercado marino interdimensional intenta venderte algo raro.<br><br>La princesa-ogro entra con protocolo y te presenta como su consejero. Terminás con título nobiliario. **Badge** real.
portal,,,,,,,pescado,final_bueno,final__pescado__con_ogro__mundo_mercado_marino,,,"{""estado_ogro"": ""amigo""}","Tirás PESCADO al portal. Un mercado marino interdimensional intenta venderte algo raro.<br><br>Con el ogro de tu lado, todo se vuelve más fácil (y más ruidoso). Llegan a destino. Ending badgeable."
portal,,,,,,,pescado,final_malo,final__pescado__sin_ogro__mundo_mercado_marino,,,,"Tirás PESCADO al portal. Un mercado marino interdimensional intenta venderte algo raro.<br><br>Sin ogro, el mundo te mide. A veces sobrevivís, a veces no. Ending badgeable."
portal,,,,,,,pescado_aplastado,final_especial,final__pescado_aplastado__ogro_pez__mundo_mineral,,,"{""flags_all"": [""ogro_es_pez""]}",Tirás PESCADO APLASTADO al portal. Acá mandan las rocas: gravedad seria y catedrática.<br><br>Tu ogro-pez te lleva como montura real. Los tritones te coronan por asociación. **Badge** probable.
portal,,,,,,,pescado_aplastado,final_especial,final__pescado_aplastado__ogro_princesa__mundo_mineral,,,"{""flags_all"": [""ogro_es_princesa""]}",Tirás PESCADO APLASTADO al portal. Acá mandan las rocas: gravedad seria y catedrática.<br><br>La princesa-ogro entra con protocolo y te presenta como su consejero. Terminás con título nobiliario. **Badge** real.
portal,,,,,,,pescado_aplastado,final_bueno,final__pescado_aplastado__con_ogro__mundo_mineral,,,"{""estado_ogro"": ""amigo""}","Tirás PESCADO APLASTADO al portal. Acá mandan las rocas: gravedad seria y catedrática.<br><br>Con el ogro de tu lado, todo se vuelve más fácil (y más ruidoso). Llegan a destino. Ending badgeable."
portal,,,,,,,pescado_aplastado,final_malo,final__pescado_aplastado__sin_ogro__mundo_mineral,,,,"Tirás PESCADO APLASTADO al portal. Acá mandan las rocas: gravedad seria y catedrática.<br><br>Sin ogro, el mundo te mide. A veces sobrevivís, a veces no. Ending badgeable."
portal,,,,,,,pescado_asado,final_especial,final__pescado_asado__ogro_pez__mundo_ceniza,,,"{""flags_all"": [""ogro_es_pez""]}","Tirás PESCADO ASADO al portal. Todo es brasas, ceniza y viento caliente.<br><br>Tu ogro-pez te lleva como montura real. Los tritones te coronan por asociación. **Badge** probable."
portal,,,,,,,pescado_asado,final_especial,final__pescado_asado__ogro_princesa__mundo_ceniza,,,"{""flags_all"": [""ogro_es_princesa""]}","Tirás PESCADO ASADO al portal. Todo es brasas, ceniza y viento caliente.<br><br>La princesa-ogro entra con protocolo y te presenta como su consejero. Terminás con título nobiliario. **Badge** real."
portal,,,,,,,pescado_asado,final_bueno,final__pescado_asado__con_ogro__mundo_ceniza,,,"{""estado_ogro"": ""amigo""}","Tirás PESCADO ASADO al portal. Todo es brasas, ceniza y viento caliente.<br><br>Con el ogro de tu lado, todo se vuelve más fácil (y más ruidoso). Llegan a destino. Ending badgeable."
portal,,,,,,,pescado_asado,final_malo,final__pescado_asado__sin_ogro__mundo_ceniza,,,,"Tirás PESCADO ASADO al portal. Todo es brasas, ceniza y viento caliente.<br><br>Sin ogro, el mundo te mide. A veces sobrevivís, a veces no. Ending badgeable."
portal,,,,,,,pescado_atado,final_especial,final__pescado_atado__ogro_pez__mundo_vertical,,,"{""flags_all"": [""ogro_es_pez""]}",Tirás PESCADO ATADO al portal. Una ciudad vertical sin escaleras exige nudos y coraje.<br><br>Tu ogro-pez te lleva como montura real. Los tritones te coronan por asociación. **Badge** probable.
portal,,,,,,,pescado_atado,final_especial,final__pescado_atado__ogro_princesa__mundo_vertical,,,"{""flags_all"": [""ogro_es_princesa""]}",Tirás PESCADO ATADO al portal. Una ciudad vertical sin escaleras exige nudos y coraje.<br><br>La princesa-ogro entra con protocolo y te presenta como su consejero. Terminás con título nobiliario. **Badge** real.
portal,,,,,,,pescado_atado,final_bueno,final__pescado_atado__con_ogro__mundo_vertical,,,"{""estado_ogro"": ""amigo""}","Tirás PESCADO ATADO al portal. Una ciudad vertical sin escaleras exige nudos y coraje.<br><br>Con el ogro de tu lado, todo se vuelve más fácil (y más ruidoso). Llegan a destino. Ending badgeable."
portal,,,,,,,pescado_atado,final_malo,final__pescado_atado__sin_ogro__mundo_vertical,,,,"Tirás PESCADO ATADO al portal. Una ciudad vertical sin escaleras exige nudos y coraje.<br><br>Sin ogro, el mundo te mide. A veces sobrevivís, a veces no. Ending badgeable."
portal,,,,,,,pescado_ensartado,final_especial,final__pescado_ensartado__ogro_pez__mundo_bosque,,,"{""flags_all"": [""ogro_es_pez""]}",Tirás PESCADO ENSARTADO al portal. Un bosque vivo te evalúa como si fueras carpintería ambulante.<br><br>Tu ogro-pez te lleva como montura real. Los tritones te coronan por asociación. **Badge** probable.
portal,,,,,,,pescado_ensartado,final_especial,final__pescado_ensartado__ogro_princesa__mundo_bosque,,,"{""flags_all"": [""ogro_es_princesa""]}",Tirás PESCADO ENSARTADO al portal. Un bosque vivo te evalúa como si fueras carpintería ambulante.<br><br>La princesa-ogro entra con protocolo y te presenta como su consejero. Terminás con título nobiliario. **Badge** real.
portal,,,,,,,pescado_ensartado,final_bueno,final__pescado_ensartado__con_ogro__mundo_bosque,,,"{""estado_ogro"": ""amigo""}","Tirás PESCADO ENSARTADO al portal. Un bosque vivo te evalúa como si fueras carpintería ambulante.<br><br>Con el ogro de tu lado, todo se vuelve más fácil (y más ruidoso). Llegan a destino. Ending badgeable."
portal,,,,,,,pescado_ensartado,final_malo,final__pescado_ensartado__sin_ogro__mundo_bosque,,,,"Tirás PESCADO ENSARTADO al portal. Un bosque vivo te evalúa como si fueras carpintería ambulante.<br><br>Sin ogro, el mundo te mide. A veces sobrevivís, a veces no. Ending badgeable."
portal,,,,,,,pescado_mojado,final_especial,final__pescado_mojado__ogro_pez__mundo_acuatico,,,"{""flags_all"": [""ogro_es_pez""]}","Tirás PESCADO MOJADO al portal. El mundo se vuelve océano, corrientes y burbujas.<br><br>Tu ogro-pez te lleva como montura real. Los tritones te coronan por asociación. **Badge** probable."
portal,,,,,,,pescado_mojado,final_especial,final__pescado_mojado__ogro_princesa__mundo_acuatico,,,"{""flags_all"": [""ogro_es_princesa""]}","Tirás PESCADO MOJADO al portal. El mundo se vuelve océano, corrientes y burbujas.<br><br>La princesa-ogro entra con protocolo y te presenta como su consejero. Terminás con título nobiliario. **Badge** real."
portal,,,,,,,pescado_mojado,final_bueno,final__pescado_mojado__con_ogro__mundo_acuatico,,,"{""estado_ogro"": ""amigo""}","Tirás PESCADO MOJADO al portal. El mundo se vuelve océano, corrientes y burbujas.<br><br>Con el ogro de tu lado, todo se vuelve más fácil (y más ruidoso). Llegan a destino. Ending badgeable."
portal,,,,,,,pescado_mojado,final_malo,final__pescado_mojado__sin_ogro__mundo_acuatico,,,,"Tirás PESCADO MOJADO al portal. El mundo se vuelve océano, corrientes y burbujas.<br><br>Sin ogro, el mundo te mide. A veces sobrevivís, a veces no. Ending badgeable."
portal,,,,,,,pescado_vanidoso,final_especial,final__pescado_vanidoso__ogro_pez__mundo_reflejo,,,"{""flags_all"": [""ogro_es_pez""]}",Tirás PESCADO VANIDOSO al portal. Tu reflejo aparece con opiniones no solicitadas.<br><br>Tu ogro-pez te lleva como montura real. Los tritones te coronan por asociación. **Badge** probable.
portal,,,,,,,pescado_vanidoso,final_especial,final__pescado_vanidoso__ogro_princesa__mundo_reflejo,,,"{""flags_all"": [""ogro_es_princesa""]}",Tirás PESCADO VANIDOSO al portal. Tu reflejo aparece con opiniones no solicitadas.<br><br>La princesa-ogro entra con protocolo y te presenta como su consejero. Terminás con título nobiliario. **Badge** real.
portal,,,,,,,pescado_vanidoso,final_bueno,final__pescado_vanidoso__con_ogro__mundo_reflejo,,,"{""estado_ogro"": ""amigo""}","Tirás PESCADO VANIDOSO al portal. Tu reflejo aparece con opiniones no solicitadas.<br><br>Con el ogro de tu lado, todo se vuelve más fácil (y más ruidoso). Llegan a destino. Ending badgeable."
portal,,,,,,,pescado_vanidoso,final_malo,final__pescado_vanidoso__sin_ogro__mundo_reflejo,,,,"Tirás PESCADO VANIDOSO al portal. Tu reflejo aparece con opiniones no solicitadas.<br><br>Sin ogro, el mundo te mide. A veces sobrevivís, a veces no. Ending badgeable."
portal,,,,,,,piedra,final_especial,final__piedra__ogro_pez__mundo_mineral,,,"{""flags_all"": [""ogro_es_pez""]}",Tirás PIEDRA al portal. Acá mandan las rocas: gravedad seria y catedrática.<br><br>Tu ogro-pez te lleva como montura real. Los tritones te coronan por asociación. **Badge** probable.
portal,,,,,,,piedra,final_especial,final__piedra__ogro_princesa__mundo_mineral,,,"{""flags_all"": [""ogro_es_princesa""]}",Tirás PIEDRA al portal. Acá mandan las rocas: gravedad seria y catedrática.<br><br>La princesa-ogro entra con protocolo y te presenta como su consejero. Terminás con título nobiliario. **Badge** real.
portal,,,,,,,piedra,final_bueno,final__piedra__con_ogro__mundo_mineral,,,"{""estado_ogro"": ""amigo""}","Tirás PIEDRA al portal. Acá mandan las rocas: gravedad seria y catedrática.<br><br>Con el ogro de tu lado, todo se vuelve más fácil (y más ruidoso). Llegan a destino. Ending badgeable."
portal,,,,,,,piedra,final_malo,final__piedra__sin_ogro__mundo_mineral,,,,"Tirás PIEDRA al portal. Acá mandan las rocas: gravedad seria y catedrática.<br><br>Sin ogro, el mundo te mide. A veces sobrevivís, a veces no. Ending badgeable."
portal,,,,,,,piedra_caliente,final_especial,final__piedra_caliente__ogro_pez__mundo_ceniza,,,"{""flags_all"": [""ogro_es_pez""]}","Tirás PIEDRA CALIENTE al portal. Todo es brasas, ceniza y viento caliente.<br><br>Tu ogro-pez te lleva como montura real. Los tritones te coronan por asociación. **Badge** probable."
portal,,,,,,,piedra_caliente,final_especial,final__piedra_caliente__ogro_princesa__mundo_ceniza,,,"{""flags_all"": [""ogro_es_princesa""]}","Tirás PIEDRA CALIENTE al portal. Todo es brasas, ceniza y viento caliente.<br><br>La princesa-ogro entra con protocolo y te presenta como su consejero. Terminás con título nobiliario. **Badge** real."
portal,,,,,,,piedra_caliente,final_bueno,final__piedra_caliente__con_ogro__mundo_ceniza,,,"{""estado_ogro"": ""amigo""}","Tirás PIEDRA CALIENTE al portal. Todo es brasas, ceniza y viento caliente.<br><br>Con el ogro de tu lado, todo se vuelve más fácil (y más ruidoso). Llegan a destino. Ending badgeable."
portal,,,,,,,piedra_caliente,final_malo,final__piedra_caliente__sin_ogro__mundo_ceniza,,,,"Tirás PIEDRA CALIENTE al portal. Todo es brasas, ceniza y viento caliente.<br><br>Sin ogro, el mundo te mide. A veces sobrevivís, a veces no. Ending badgeable."
portal,,,,,,,piedra_filosofal,final_especial,final__piedra_filosofal__ogro_pez__mundo_arcano,,,"{""flags_all"": [""ogro_es_pez""]}","Tirás PIEDRA FILOSOFAL al portal. Un lugar arcano aparece: libros, runas y peligros educados.<br><br>Tu ogro-pez te lleva como montura real. Los tritones te coronan por asociación. **Badge** probable."
portal,,,,,,,piedra_filosofal,final_especial,final__piedra_filosofal__ogro_princesa__mundo_arcano,,,"{""flags_all"": [""ogro_es_princesa""]}","Tirás PIEDRA FILOSOFAL al portal. Un lugar arcano aparece: libros, runas y peligros educados.<br><br>La princesa-ogro entra con protocolo y te presenta como su consejero. Terminás con título nobiliario. **Badge** real."
portal,,,,,,,piedra_filosofal,final_bueno,final__piedra_filosofal__con_ogro__mundo_arcano,,,"{""estado_ogro"": ""amigo""}","Tirás PIEDRA FILOSOFAL al portal. Un lugar arcano aparece: libros, runas y peligros educados.<br><br>Con el ogro de tu lado, todo se vuelve más fácil (y más ruidoso). Llegan a destino. Ending badgeable."
portal,,,,,,,piedra_filosofal,final_malo,final__piedra_filosofal__sin_ogro__mundo_arcano,,,,"Tirás PIEDRA FILOSOFAL al portal. Un lugar arcano aparece: libros, runas y peligros educados.<br><br>Sin ogro, el mundo te mide. A veces sobrevivís, a veces no. Ending badgeable."
portal,,,,,,,portal_de_bolsillo,final_especial,final__portal_de_bolsillo__ogro_pez__mundo_arcano,,,"{""flags_all"": [""ogro_es_pez""]}","Tirás PORTAL DE BOLSILLO al portal. Un lugar arcano aparece: libros, runas y peligros educados.<br><br>Tu ogro-pez te lleva como montura real. Los tritones te coronan por asociación. **Badge** probable."
portal,,,,,,,portal_de_bolsillo,final_especial,final__portal_de_bolsillo__ogro_princesa__mundo_arcano,,,"{""flags_all"": [""ogro_es_princesa""]}","Tirás PORTAL DE BOLSILLO al portal. Un lugar arcano aparece: libros, runas y peligros educados.<br><br>La princesa-ogro entra con protocolo y te presenta como su consejero. Terminás con título nobiliario. **Badge** real."
portal,,,,,,,portal_de_bolsillo,final_bueno,final__portal_de_bolsillo__con_ogro__mundo_arcano,,,"{""estado_ogro"": ""amigo""}","Tirás PORTAL DE BOLSILLO al portal. Un lugar arcano aparece: libros, runas y peligros educados.<br><br>Con el ogro de tu lado, todo se vuelve más fácil (y más ruidoso). Llegan a destino. Ending badgeable."
portal,,,,,,,portal_de_bolsillo,final_malo,final__portal_de_bolsillo__sin_ogro__mundo_arcano,,,,"Tirás PORTAL DE BOLSILLO al portal. Un lugar arcano aparece: libros, runas y peligros educados.<br><br>Sin ogro, el mundo te mide. A veces sobrevivís, a veces no. Ending badgeable."
portal,,,,,,,prision_de_vidrio,final_especial,final__prision_de_vidrio__ogro_pez__mundo_arcano,,,"{""flags_all"": [""ogro_es_pez""]}","Tirás PRISIÓN DE VIDRIO al portal. Un lugar arcano aparece: libros, runas y peligros educados.<br><br>Tu ogro-pez te lleva como montura real. Los tritones te coronan por asociación. **Badge** probable."
portal,,,,,,,prision_de_vidrio,final_especial,final__prision_de_vidrio__ogro_princesa__mundo_arcano,,,"{""flags_all"": [""ogro_es_princesa""]}","Tirás PRISIÓN DE VIDRIO al portal. Un lugar arcano aparece: libros, runas y peligros educados.<br><br>La princesa-ogro entra con protocolo y te presenta como su consejero. Terminás con título nobiliario. **Badge** real."
portal,,,,,,,prision_de_vidrio,final_bueno,final__prision_de_vidrio__con_ogro__mundo_arcano,,,"{""estado_ogro"": ""amigo""}","Tirás PRISIÓN DE VIDRIO al portal. Un lugar arcano aparece: libros, runas y peligros educados.<br><br>Con el ogro de tu lado, todo se vuelve más fácil (y más ruidoso). Llegan a destino. Ending badgeable."
portal,,,,,,,prision_de_vidrio,final_malo,final__prision_de_vidrio__sin_ogro__mundo_arcano,,,,"Tirás PRISIÓN DE VIDRIO al portal. Un lugar arcano aparece: libros, runas y peligros educados.<br><br>Sin ogro, el mundo te mide. A veces sobrevivís, a veces no. Ending badgeable."
portal,,,,,,,rayo_solar,final_especial,final__rayo_solar__ogro_pez__mundo_ceniza,,,"{""flags_all"": [""ogro_es_pez""]}","Tirás RAYO SOLAR al portal. Todo es brasas, ceniza y viento caliente.<br><br>Tu ogro-pez te lleva como montura real. Los tritones te coronan por asociación. **Badge** probable."
portal,,,,,,,rayo_solar,final_especial,final__rayo_solar__ogro_princesa__mundo_ceniza,,,"{""flags_all"": [""ogro_es_princesa""]}","Tirás RAYO SOLAR al portal. Todo es brasas, ceniza y viento caliente.<br><br>La princesa-ogro entra con protocolo y te presenta como su consejero. Terminás con título nobiliario. **Badge** real."
portal,,,,,,,rayo_solar,final_bueno,final__rayo_solar__con_ogro__mundo_ceniza,,,"{""estado_ogro"": ""amigo""}","Tirás RAYO SOLAR al portal. Todo es brasas, ceniza y viento caliente.<br><br>Con el ogro de tu lado, todo se vuelve más fácil (y más ruidoso). Llegan a destino. Ending badgeable."
portal,,,,,,,rayo_solar,final_malo,final__rayo_solar__sin_ogro__mundo_ceniza,,,,"Tirás RAYO SOLAR al portal. Todo es brasas, ceniza y viento caliente.<br><br>Sin ogro, el mundo te mide. A veces sobrevivís, a veces no. Ending badgeable."
portal,,,,,,,rostro_falso,final_especial,final__rostro_falso__ogro_pez__mundo_acuatico,,,"{""flags_all"": [""ogro_es_pez""]}","Tirás ROSTRO FALSO al portal. El mundo se vuelve océano, corrientes y burbujas.<br><br>Tu ogro-pez te lleva como montura real. Los tritones te coronan por asociación. **Badge** probable."
portal,,,,,,,rostro_falso,final_especial,final__rostro_falso__ogro_princesa__mundo_acuatico,,,"{""flags_all"": [""ogro_es_princesa""]}","Tirás ROSTRO FALSO al portal. El mundo se vuelve océano, corrientes y burbujas.<br><br>La princesa-ogro entra con protocolo y te presenta como su consejero. Terminás con título nobiliario. **Badge** real."
portal,,,,,,,rostro_falso,final_bueno,final__rostro_falso__con_ogro__mundo_acuatico,,,"{""estado_ogro"": ""amigo""}","Tirás ROSTRO FALSO al portal. El mundo se vuelve océano, corrientes y burbujas.<br><br>Con el ogro de tu lado, todo se vuelve más fácil (y más ruidoso). Llegan a destino. Ending badgeable."
portal,,,,,,,rostro_falso,final_malo,final__rostro_falso__sin_ogro__mundo_acuatico,,,,"Tirás ROSTRO FALSO al portal. El mundo se vuelve océano, corrientes y burbujas.<br><br>Sin ogro, el mundo te mide. A veces sobrevivís, a veces no. Ending badgeable."
portal,,,,,,,sauna_portatil,final_especial,final__sauna_portatil__ogro_pez__mundo_acuatico,,,"{""flags_all"": [""ogro_es_pez""]}","Tirás SAUNA PORTÁTIL al portal. El mundo se vuelve océano, corrientes y burbujas.<br><br>Tu ogro-pez te lleva como montura real. Los tritones te coronan por asociación. **Badge** probable."
portal,,,,,,,sauna_portatil,final_especial,final__sauna_portatil__ogro_princesa__mundo_acuatico,,,"{""flags_all"": [""ogro_es_princesa""]}","Tirás SAUNA PORTÁTIL al portal. El mundo se vuelve océano, corrientes y burbujas.<br><br>La princesa-ogro entra con protocolo y te presenta como su consejero. Terminás con título nobiliario. **Badge** real."
portal,,,,,,,sauna_portatil,final_bueno,final__sauna_portatil__con_ogro__mundo_acuatico,,,"{""estado_ogro"": ""amigo""}","Tirás SAUNA PORTÁTIL al portal. El mundo se vuelve océano, corrientes y burbujas.<br><br>Con el ogro de tu lado, todo se vuelve más fácil (y más ruidoso). Llegan a destino. Ending badgeable."
portal,,,,,,,sauna_portatil,final_malo,final__sauna_portatil__sin_ogro__mundo_acuatico,,,,"Tirás SAUNA PORTÁTIL al portal. El mundo se vuelve océano, corrientes y burbujas.<br><br>Sin ogro, el mundo te mide. A veces sobrevivís, a veces no. Ending badgeable."
portal,,,,,,,serpiente_cebada,final_especial,final__serpiente_cebada__ogro_pez__mundo_arcano,,,"{""flags_all"": [""ogro_es_pez""]}","Tirás SERPIENTE CEBADA al portal. Un lugar arcano aparece: libros, runas y peligros educados.<br><br>Tu ogro-pez te lleva como montura real. Los tritones te coronan por asociación. **Badge** probable."
portal,,,,,,,serpiente_cebada,final_especial,final__serpiente_cebada__ogro_princesa__mundo_arcano,,,"{""flags_all"": [""ogro_es_princesa""]}","Tirás SERPIENTE CEBADA al portal. Un lugar arcano aparece: libros, runas y peligros educados.<br><br>La princesa-ogro entra con protocolo y te presenta como su consejero. Terminás con título nobiliario. **Badge** real."
portal,,,,,,,serpiente_cebada,final_bueno,final__serpiente_cebada__con_ogro__mundo_arcano,,,"{""estado_ogro"": ""amigo""}","Tirás SERPIENTE CEBADA al portal. Un lugar arcano aparece: libros, runas y peligros educados.<br><br>Con el ogro de tu lado, todo se vuelve más fácil (y más ruidoso). Llegan a destino. Ending badgeable."
portal,,,,,,,serpiente_cebada,final_malo,final__serpiente_cebada__sin_ogro__mundo_arcano,,,,"Tirás SERPIENTE CEBADA al portal. Un lugar arcano aparece: libros, runas y peligros educados.<br><br>Sin ogro, el mundo te mide. A veces sobrevivís, a veces no. Ending badgeable."
portal,,,,,,,sirena_en_el_espejo,final_especial,final__sirena_en_el_espejo__ogro_pez__mundo_acuatico,,,"{""flags_all"": [""ogro_es_pez""]}","Tirás SIRENA EN EL ESPEJO al portal. El mundo se vuelve océano, corrientes y burbujas.<br><br>Tu ogro-pez te lleva como montura real. Los tritones te coronan por asociación. **Badge** probable."
portal,,,,,,,sirena_en_el_espejo,final_especial,final__sirena_en_el_espejo__ogro_princesa__mundo_acuatico,,,"{""flags_all"": [""ogro_es_princesa""]}","Tirás SIRENA EN EL ESPEJO al portal. El mundo se vuelve océano, corrientes y burbujas.<br><br>La princesa-ogro entra con protocolo y te presenta como su consejero. Terminás con título nobiliario. **Badge** real."
portal,,,,,,,sirena_en_el_espejo,final_bueno,final__sirena_en_el_espejo__con_ogro__mundo_acuatico,,,"{""estado_ogro"": ""amigo""}","Tirás SIRENA EN EL ESPEJO al portal. El mundo se vuelve océano, corrientes y burbujas.<br><br>Con el ogro de tu lado, todo se vuelve más fácil (y más ruidoso). Llegan a destino. Ending badgeable."
portal,,,,,,,sirena_en_el_espejo,final_malo,final__sirena_en_el_espejo__sin_ogro__mundo_acuatico,,,,"Tirás SIRENA EN EL ESPEJO al portal. El mundo se vuelve océano, corrientes y burbujas.<br><br>Sin ogro, el mundo te mide. A veces sobrevivís, a veces no. Ending badgeable."
portal,,,,,,,tormenta_en_frasco,final_especial,final__tormenta_en_frasco__ogro_pez__mundo_acuatico,,,"{""flags_all"": [""ogro_es_pez""]}","Tirás TORMENTA EN FRASCO al portal. El mundo se vuelve océano, corrientes y burbujas.<br><br>Tu ogro-pez te lleva como montura real. Los tritones te coronan por asociación. **Badge** probable."
portal,,,,,,,tormenta_en_frasco,final_especial,final__tormenta_en_frasco__ogro_princesa__mundo_acuatico,,,"{""flags_all"": [""ogro_es_princesa""]}","Tirás TORMENTA EN FRASCO al portal. El mundo se vuelve océano, corrientes y burbujas.<br><br>La princesa-ogro entra con protocolo y te presenta como su consejero. Terminás con título nobiliario. **Badge** real."
portal,,,,,,,tormenta_en_frasco,final_bueno,final__tormenta_en_frasco__con_ogro__mundo_acuatico,,,"{""estado_ogro"": ""amigo""}","Tirás TORMENTA EN FRASCO al portal. El mundo se vuelve océano, corrientes y burbujas.<br><br>Con el ogro de tu lado, todo se vuelve más fácil (y más ruidoso). Llegan a destino. Ending badgeable."
portal,,,,,,,tormenta_en_frasco,final_malo,final__tormenta_en_frasco__sin_ogro__mundo_acuatico,,,,"Tirás TORMENTA EN FRASCO al portal. El mundo se vuelve océano, corrientes y burbujas.<br><br>Sin ogro, el mundo te mide. A veces sobrevivís, a veces no. Ending badgeable."
portal,,,,,,,trampa_de_reflejo,final_especial,final__trampa_de_reflejo__ogro_pez__mundo_reflejo,,,"{""flags_all"": [""ogro_es_pez""]}",Tirás TRAMPA DE REFLEJO al portal. Tu reflejo aparece con opiniones no solicitadas.<br><br>Tu ogro-pez te lleva como montura real. Los tritones te coronan por asociación. **Badge** probable.
portal,,,,,,,trampa_de_reflejo,final_especial,final__trampa_de_reflejo__ogro_princesa__mundo_reflejo,,,"{""flags_all"": [""ogro_es_princesa""]}",Tirás TRAMPA DE REFLEJO al portal. Tu reflejo aparece con opiniones no solicitadas.<br><br>La princesa-ogro entra con protocolo y te presenta como su consejero. Terminás con título nobiliario. **Badge** real.
portal,,,,,,,trampa_de_reflejo,final_bueno,final__trampa_de_reflejo__con_ogro__mundo_reflejo,,,"{""estado_ogro"": ""amigo""}","Tirás TRAMPA DE REFLEJO al portal. Tu reflejo aparece con opiniones no solicitadas.<br><br>Con el ogro de tu lado, todo se vuelve más fácil (y más ruidoso). Llegan a destino. Ending badgeable."
portal,,,,,,,trampa_de_reflejo,final_malo,final__trampa_de_reflejo__sin_ogro__mundo_reflejo,,,,"Tirás TRAMPA DE REFLEJO al portal. Tu reflejo aparece con opiniones no solicitadas.<br><br>Sin ogro, el mundo te mide. A veces sobrevivís, a veces no. Ending badgeable."
portal,,,,,,,vapor,final_especial,final__vapor__ogro_pez__mundo_acuatico,,,"{""flags_all"": [""ogro_es_pez""]}","Tirás VAPOR al portal. El mundo se vuelve océano, corrientes y burbujas.<br><br>Tu ogro-pez te lleva como montura real. Los tritones te coronan por asociación. **Badge** probable."
portal,,,,,,,vapor,final_especial,final__vapor__ogro_princesa__mundo_acuatico,,,"{""flags_all"": [""ogro_es_princesa""]}","Tirás VAPOR al portal. El mundo se vuelve océano, corrientes y burbujas.<br><br>La princesa-ogro entra con protocolo y te presenta como su consejero. Terminás con título nobiliario. **Badge** real."
portal,,,,,,,vapor,final_bueno,final__vapor__con_ogro__mundo_acuatico,,,"{""estado_ogro"": ""amigo""}","Tirás VAPOR al portal. El mundo se vuelve océano, corrientes y burbujas.<br><br>Con el ogro de tu lado, todo se vuelve más fácil (y más ruidoso). Llegan a destino. Ending badgeable."
portal,,,,,,,vapor,final_malo,final__vapor__sin_ogro__mundo_acuatico,,,,"Tirás VAPOR al portal. El mundo se vuelve océano, corrientes y burbujas.<br><br>Sin ogro, el mundo te mide. A veces sobrevivís, a veces no. Ending badgeable."
portal,,,,,,,varita_magica,final_especial,final__varita_magica__ogro_pez__mundo_arcano,,,"{""flags_all"": [""ogro_es_pez""]}","Tirás VARITA MÁGICA al portal. Un lugar arcano aparece: libros, runas y peligros educados.<br><br>Tu ogro-pez te lleva como montura real. Los tritones te coronan por asociación. **Badge** probable."
portal,,,,,,,varita_magica,final_especial,final__varita_magica__ogro_princesa__mundo_arcano,,,"{""flags_all"": [""ogro_es_princesa""]}","Tirás VARITA MÁGICA al portal. Un lugar arcano aparece: libros, runas y peligros educados.<br><br>La princesa-ogro entra con protocolo y te presenta como su consejero. Terminás con título nobiliario. **Badge** real."
portal,,,,,,,varita_magica,final_bueno,final__varita_magica__con_ogro__mundo_arcano,,,"{""estado_ogro"": ""amigo""}","Tirás VARITA MÁGICA al portal. Un lugar arcano aparece: libros, runas y peligros educados.<br><br>Con el ogro de tu lado, todo se vuelve más fácil (y más ruidoso). Llegan a destino. Ending badgeable."
portal,,,,,,,varita_magica,final_malo,final__varita_magica__sin_ogro__mundo_arcano,,,,"Tirás VARITA MÁGICA al portal. Un lugar arcano aparece: libros, runas y peligros educados.<br><br>Sin ogro, el mundo te mide. A veces sobrevivís, a veces no. Ending badgeable."
